CREATE DATABASE  IF NOT EXISTS `airlineservices` /*!40100 DEFAULT CHARACTER SET utf8mb4 COLLATE utf8mb4_0900_ai_ci */ /*!80016 DEFAULT ENCRYPTION='N' */;
USE `airlineservices`;
-- MySQL dump 10.13  Distrib 8.0.34, for macos13 (arm64)
--
-- Host: 127.0.0.1    Database: airlineservices
-- ------------------------------------------------------
-- Server version	8.1.0

/*!40101 SET @OLD_CHARACTER_SET_CLIENT=@@CHARACTER_SET_CLIENT */;
/*!40101 SET @OLD_CHARACTER_SET_RESULTS=@@CHARACTER_SET_RESULTS */;
/*!40101 SET @OLD_COLLATION_CONNECTION=@@COLLATION_CONNECTION */;
/*!50503 SET NAMES utf8 */;
/*!40103 SET @OLD_TIME_ZONE=@@TIME_ZONE */;
/*!40103 SET TIME_ZONE='+00:00' */;
/*!40014 SET @OLD_UNIQUE_CHECKS=@@UNIQUE_CHECKS, UNIQUE_CHECKS=0 */;
/*!40014 SET @OLD_FOREIGN_KEY_CHECKS=@@FOREIGN_KEY_CHECKS, FOREIGN_KEY_CHECKS=0 */;
/*!40101 SET @OLD_SQL_MODE=@@SQL_MODE, SQL_MODE='NO_AUTO_VALUE_ON_ZERO' */;
/*!40111 SET @OLD_SQL_NOTES=@@SQL_NOTES, SQL_NOTES=0 */;

--
-- Table structure for table `Airlines`
--

DROP TABLE IF EXISTS `Airlines`;
/*!40101 SET @saved_cs_client     = @@character_set_client */;
/*!50503 SET character_set_client = utf8mb4 */;
CREATE TABLE `Airlines` (
  `AirlineID` varchar(5) NOT NULL,
  `AirlineName` varchar(100) DEFAULT NULL,
  `Airports_AirportCode` char(3) NOT NULL,
  PRIMARY KEY (`AirlineID`,`Airports_AirportCode`),
  KEY `fk_Airlines_Airports1_idx` (`Airports_AirportCode`),
  CONSTRAINT `fk_Airlines_Airports1` FOREIGN KEY (`Airports_AirportCode`) REFERENCES `Airports` (`AirportCode`)
) ENGINE=InnoDB DEFAULT CHARSET=utf8mb4 COLLATE=utf8mb4_0900_ai_ci;
/*!40101 SET character_set_client = @saved_cs_client */;

--
-- Dumping data for table `Airlines`
--

LOCK TABLES `Airlines` WRITE;
/*!40000 ALTER TABLE `Airlines` DISABLE KEYS */;
INSERT INTO `Airlines` VALUES ('6E','IndiGo','IGO'),('AI','Air India','AIC'),('G8','Go First','GOW'),('SG','SpiceJet','SEJ'),('UK','Vistara','VTI');
/*!40000 ALTER TABLE `Airlines` ENABLE KEYS */;
UNLOCK TABLES;

--
-- Table structure for table `Airports`
--

DROP TABLE IF EXISTS `Airports`;
/*!40101 SET @saved_cs_client     = @@character_set_client */;
/*!50503 SET character_set_client = utf8mb4 */;
CREATE TABLE `Airports` (
  `AirportCode` char(3) NOT NULL,
  `AirportName` varchar(100) DEFAULT NULL,
  `city` varchar(45) DEFAULT NULL,
  `state` varchar(45) DEFAULT NULL,
  PRIMARY KEY (`AirportCode`)
) ENGINE=InnoDB DEFAULT CHARSET=utf8mb4 COLLATE=utf8mb4_0900_ai_ci;
/*!40101 SET character_set_client = @saved_cs_client */;

--
-- Dumping data for table `Airports`
--

LOCK TABLES `Airports` WRITE;
/*!40000 ALTER TABLE `Airports` DISABLE KEYS */;
INSERT INTO `Airports` VALUES ('AGR','Agra Airport','Agra','Uttar Pradesh'),('AJL','Aizawl Airport','Aizawl','Mizoram'),('AMD','Ahmedabad Airport','Ahmedabad','Gujarat'),('ATQ','Amritsar Airport','Amritsar','Punjab'),('BBI','Bhubaneswar Airport','Bhubaneswar','Odisha'),('BEK','Bareilly Airport','Bareilly','Uttar Pradesh'),('BHO','Bhopal Airport','Bhopal','Madhya Pradesh'),('BLR','Bengaluru Airport','Bengaluru','Karnataka'),('BOM','Mumbai Airport','Mumbai','Maharashtra'),('CCJ','Kozhikode Airport','Kozhikode','Kerala'),('CCU','Kolkata Airport','Kolkata','West Bengal'),('CDP','Kadapa Airport','Kadapa','Andhra Pradesh'),('CJB','Coimbatore Airport','Coimbatore','Tamil Nadu'),('CNN','Kannur International Airport','Kannur','Kerala'),('COK','Kochi Airport','Kochi','Kerala'),('DBR','Darbhanga Airport','Darbhanga','Bihar'),('DED','Dehradun Airport','Dehradun','Uttarakhand'),('DEL','Delhi Airport','Delhi','Delhi'),('DGH','Deoghar Airport','Deoghar','Jharkhand'),('DIB','Dibrugarh Airport','Dibrugarh','Assam'),('DMU','Dimapur Airport','Dimapur','Nagaland'),('GAU','Guwahati Airport','Guwahati','Assam'),('GAY','Gaya Airport','Gaya','Bihar'),('GOI','Goa International Airport','Dabolim','Goa'),('GOP','Gorakhpur Airport','Gorakhpur','Uttar Pradesh'),('GWL','Gwalior Airport','Gwalior','Madhya Pradesh'),('HBX','Hubli Airport','Hubli','Karnataka'),('HGI','Itanagar Airport','Itanagar','Arunachal Pradesh'),('HYD','Hyderabad Airport','Hyderabad','Telangana'),('IDR','Indore Airport','Indore','Madhya Pradesh'),('IMF','Imphal Airport','Imphal','Manipur'),('ISK','Nashik Airport','Nashik','maharashtra'),('IXA','Agartala Airport','Agartala','Tripura'),('IXB','Bagdogra Airport','Bagdogra','West Bengal'),('IXC','Chandigarh Airport','Chandigarh','Chandigarh'),('IXD','Allahabad Airport','Allahabad','Uttar Pradesh'),('IXE','Mangalore Airport','Mangaluru','Karnataka'),('IXG','Belagavi Airport','Belagavi','Karnataka'),('IXJ','Jammu Airport','Jammu','Jammu and Kashmir'),('IXM','Madurai Airport','Madurai','Tamil Nadu'),('IXU','Aurangabad Airport','Aurangabad','Maharashtra'),('IXZ','Port Blair Airport','Port Blair','Andaman and Nicobar Islands'),('JAI','Jaipur Airport','Jaipur','Rajasthan'),('JDH','Jodhpur Airport','Jodhpur','Rajasthan'),('JLR','Jabalpur Airport','Jabalpur','Madhya Pradesh'),('JRH','Jorhat Airport','Jorhat','Assam'),('KLH','Kolhapur Airport','Kolhapur','Maharashtra'),('KNU','Kanpur Airport','Kanpur','Uttar Pradesh'),('LKO','Lucknow Airport','Lucknow','Uttar Pradesh'),('MAA','Chennai Airport','Chennai','Tamil Nadu'),('NAG','Nagpur Airport','Nagpur','Maharashtra'),('PAT','Patna Airport','Patna','Bihar'),('PBD','Porbandar Airport','Porbandar','Gujarat'),('PNY','Pondicherry Airport','Pondicherry','Puducherry'),('PRN','Pune Airport','Pune','Maharashtra'),('PUT','Puttaparthi Airport','Puttaparthi','Andhra Pradesh'),('RDP','Durgapur Airport','Durgapur','West Bengal'),('RGI','Rajkot Airport','Rajkot','Gujarat'),('RJH','Ranchi Airport','Ranchi','Jharkhand'),('RJK','Rajkot Airport','Rajkot','Gujarat'),('RMD','Ramagundam Airport','Ramagundam','Telangana'),('RPR','Raipur Airport','Raipur','Chhattisgarh'),('RRJ','Rajouri Airport','Rajouri','Jammu and Kashmir'),('RTM','Roorkee Airport','Roorkee','Uttarakhand'),('RUP','Rupsi Airport','Dhubri','Assam'),('STV','Surat Airport','Surat','Gujarat'),('SXR','Srinagar Airport','Srinagar','Jammu and Kashmir'),('TRV','Thiruvananthapuram Airport','Thiruvananthapuram','Kerala'),('TRZ','Tiruchirappalli Airport','Tiruchirappalli','Tamil Nadu'),('TUU','Tirupati Airport','Tirupati','Andhra Pradesh'),('UDN','Udupi Airport','Udupi','Karnataka'),('UDR','Udaipur Airport','Udaipur','Rajasthan'),('UDS','Ujjain Airport','Ujjain','Madhya Pradesh'),('UPG','Vijayawada Airport','Vijayawada','Andhra Pradesh'),('VTZ','Visakhapatnam Airport','Visakhapatnam','Andhra Pradesh'),('WGC','Warangal Airport','Warangal','Telangana');
/*!40000 ALTER TABLE `Airports` ENABLE KEYS */;
UNLOCK TABLES;

--
-- Table structure for table `Classes`
--

DROP TABLE IF EXISTS `Classes`;
/*!40101 SET @saved_cs_client     = @@character_set_client */;
/*!50503 SET character_set_client = utf8mb4 */;
CREATE TABLE `Classes` (
  `ClassID` int NOT NULL,
  `ClassType` varchar(50) DEFAULT NULL,
  `Class_description` varchar(50) DEFAULT NULL,
  PRIMARY KEY (`ClassID`)
) ENGINE=InnoDB DEFAULT CHARSET=utf8mb4 COLLATE=utf8mb4_0900_ai_ci;
/*!40101 SET character_set_client = @saved_cs_client */;

--
-- Dumping data for table `Classes`
--

LOCK TABLES `Classes` WRITE;
/*!40000 ALTER TABLE `Classes` DISABLE KEYS */;
INSERT INTO `Classes` VALUES (1,'Economy','Standard seating and services'),(2,'Premium Economy','Extra legroom and enhanced services'),(3,'Business','Spacious seating and gourmet meals'),(4,'First Class','Luxurious travel experience with premium amenities');
/*!40000 ALTER TABLE `Classes` ENABLE KEYS */;
UNLOCK TABLES;

--
-- Table structure for table `Fares`
--

DROP TABLE IF EXISTS `Fares`;
/*!40101 SET @saved_cs_client     = @@character_set_client */;
/*!50503 SET character_set_client = utf8mb4 */;
CREATE TABLE `Fares` (
  `FareID` int NOT NULL,
  `ClassID` int NOT NULL,
  `Avg_Amount` decimal(10,2) DEFAULT NULL,
  `Flights_FlightNumber` varchar(6) DEFAULT NULL,
  PRIMARY KEY (`FareID`,`ClassID`),
  KEY `ClassID` (`ClassID`),
  KEY `fk_Fares_Flights1_idx` (`Flights_FlightNumber`),
  CONSTRAINT `fares_ibfk_2` FOREIGN KEY (`ClassID`) REFERENCES `Classes` (`ClassID`),
  CONSTRAINT `fk_Fares_Flights1` FOREIGN KEY (`Flights_FlightNumber`) REFERENCES `Flights` (`FlightNumber`)
) ENGINE=InnoDB DEFAULT CHARSET=utf8mb4 COLLATE=utf8mb4_0900_ai_ci;
/*!40101 SET character_set_client = @saved_cs_client */;

--
-- Dumping data for table `Fares`
--

LOCK TABLES `Fares` WRITE;
/*!40000 ALTER TABLE `Fares` DISABLE KEYS */;
INSERT INTO `Fares` VALUES (1,1,8221.41,NULL),(2,2,29148.07,NULL),(3,3,66112.59,NULL),(4,4,94226.22,NULL);
/*!40000 ALTER TABLE `Fares` ENABLE KEYS */;
UNLOCK TABLES;

--
-- Table structure for table `Flights`
--

DROP TABLE IF EXISTS `Flights`;
/*!40101 SET @saved_cs_client     = @@character_set_client */;
/*!50503 SET character_set_client = utf8mb4 */;
CREATE TABLE `Flights` (
  `FlightNumber` varchar(6) NOT NULL,
  `FlightName` varchar(50) DEFAULT NULL,
  `DepartureDate` date DEFAULT NULL,
  `DepartureTime` time DEFAULT NULL,
  `ArrivalDate` date DEFAULT NULL,
  `ArrivalTime` time DEFAULT NULL,
  `Price` decimal(10,2) DEFAULT NULL,
  `SeatCapacity` int DEFAULT NULL,
  `AirlineID` varchar(5) NOT NULL,
  `DepartureAirportCode` varchar(3) NOT NULL,
  `ArrivalAirportCode` varchar(3) NOT NULL,
  PRIMARY KEY (`FlightNumber`,`ArrivalAirportCode`,`DepartureAirportCode`,`AirlineID`),
  KEY `AirlineID` (`AirlineID`),
  KEY `DepartureAirportCode` (`DepartureAirportCode`),
  KEY `ArrivalAirportCode` (`ArrivalAirportCode`),
  CONSTRAINT `flights_ibfk_1` FOREIGN KEY (`AirlineID`) REFERENCES `Airlines` (`AirlineID`),
  CONSTRAINT `flights_ibfk_2` FOREIGN KEY (`DepartureAirportCode`) REFERENCES `Airports` (`AirportCode`),
  CONSTRAINT `flights_ibfk_3` FOREIGN KEY (`ArrivalAirportCode`) REFERENCES `Airports` (`AirportCode`)
) ENGINE=InnoDB DEFAULT CHARSET=utf8mb4 COLLATE=utf8mb4_0900_ai_ci;
/*!40101 SET character_set_client = @saved_cs_client */;

--
-- Dumping data for table `Flights`
--

LOCK TABLES `Flights` WRITE;
/*!40000 ALTER TABLE `Flights` DISABLE KEYS */;
INSERT INTO `Flights` VALUES ('6E004','IndiGo','2023-10-19','19:00:00','2023-10-19','14:00:00',6249.10,142,'6E','CCU','LKO'),('6E008','IndiGo','2023-10-13','14:00:00','2023-10-13','19:00:00',8536.95,267,'6E','ISK','GOI'),('6E010','IndiGo','2023-10-22','04:00:00','2023-10-22','12:00:00',16048.74,268,'6E','GOI','BHO'),('6E011','IndiGo','2023-10-31','06:00:00','2023-10-31','07:00:00',15093.46,136,'6E','BLR','ISK'),('6E024','IndiGo','2023-10-31','12:00:00','2023-10-31','04:00:00',14975.25,245,'6E','PNQ','ISK'),('6E028','IndiGo','2023-10-23','19:00:00','2023-10-23','02:00:00',13518.57,140,'6E','ISK','PNQ'),('6E029','IndiGo','2023-10-27','11:00:00','2023-10-27','11:00:00',5170.79,178,'6E','DEL','PNQ'),('6E036','IndiGo','2023-10-04','01:00:00','2023-10-04','05:00:00',11071.10,123,'6E','GOI','BBI'),('6E038','IndiGo','2023-10-28','20:00:00','2023-10-28','16:00:00',5861.02,248,'6E','PNQ','ISK'),('6E044','IndiGo','2023-10-25','20:00:00','2023-10-25','13:00:00',7544.91,106,'6E','BLR','PNQ'),('6E045','IndiGo','2023-10-22','16:00:00','2023-10-22','01:00:00',8914.54,133,'6E','JAI','CCU'),('6E046','IndiGo','2023-10-04','07:00:00','2023-10-04','06:00:00',14171.93,170,'6E','DEL','ISK'),('6E047','IndiGo','2023-10-05','14:00:00','2023-10-05','08:00:00',15933.52,159,'6E','BLR','PNQ'),('6E048','IndiGo','2023-10-06','04:00:00','2023-10-06','12:00:00',18011.55,277,'6E','BLR','STV'),('6E049','IndiGo','2023-10-27','17:00:00','2023-10-27','08:00:00',5479.34,191,'6E','VTZ','NAG'),('6E052','IndiGo','2023-10-25','23:00:00','2023-10-25','23:00:00',16349.50,106,'6E','LKO','HYD'),('6E077','IndiGo','2023-10-26','20:00:00','2023-10-26','17:00:00',17565.78,156,'6E','JAI','BBI'),('6E096','IndiGo','2023-10-13','21:00:00','2023-10-13','23:00:00',5874.46,298,'AI','BDQ','JAI'),('6E324','IndiGo','2023-10-24','21:59:00','2023-10-24','02:25:00',16253.00,274,'6E','SHL','BDQ'),('6E354','IndiGo','2023-10-05','08:14:00','2023-10-05','07:00:00',18845.00,108,'6E','ATQ','AGR'),('6E364','IndiGo','2023-10-12','17:21:00','2023-10-12','00:30:00',3926.00,155,'6E','STV','PGH'),('6E370','Vistara','2023-10-13','10:50:00','2023-10-13','08:20:00',17294.00,205,'UK','ISK','PNQ'),('6E390','IndiGo','2023-10-10','04:04:00','2023-10-10','12:42:00',16481.00,284,'6E','IMF','VTZ'),('6E392','IndiGo','2023-10-17','08:55:00','2023-10-17','18:49:00',4087.00,171,'6E','DMU','MYQ'),('6E406','Jet Airways','2023-10-19','18:51:00','2023-10-19','23:54:00',15599.00,257,'9W','DIB','BEK'),('6E441','SpiceJet','2023-10-20','13:50:00','2023-10-20','11:39:00',19258.00,192,'SG','IXM','PAT'),('6E453','IndiGo','2023-10-07','13:47:00','2023-10-07','01:14:00',6056.00,163,'6E','DIB','VGA'),('6E472','Jet Airways','2023-10-19','23:43:00','2023-10-19','02:05:00',12175.00,212,'9W','BDQ','NAG'),('6E494','SpiceJet','2023-10-18','02:06:00','2023-10-18','23:45:00',11126.00,232,'SG','ISK','PNQ'),('6E512','Jet Airways','2023-10-16','16:15:00','2023-10-16','21:52:00',4896.00,258,'9W','SHL','CDP'),('6E527','Vistara','2023-10-09','12:23:00','2023-10-09','20:22:00',2284.00,273,'UK','KLH','AJL'),('6E531','Vistara','2023-10-23','23:48:00','2023-10-23','20:03:00',8483.00,254,'UK','BOM','BOM'),('6E534','Air India','2023-10-10','05:38:00','2023-10-10','20:59:00',8509.00,238,'AI','ISK','BOM'),('6E546','Jet Airways','2023-10-04','22:22:00','2023-10-04','00:41:00',19056.00,150,'9W','STV','VNS'),('6E607','Jet Airways','2023-10-09','05:25:00','2023-10-09','17:27:00',18613.00,177,'9W','BOM','IXE'),('6E615','Vistara','2023-10-10','12:56:00','2023-10-10','15:09:00',19498.00,124,'UK','CJB','HGI'),('6E639','SpiceJet','2023-10-06','13:06:00','2023-10-06','00:00:00',19817.00,197,'SG','PNQ','KJB'),('6E640','IndiGo','2023-10-04','23:19:00','2023-10-04','19:03:00',15756.00,233,'6E','STV','UDR'),('6E641','Vistara','2023-10-17','08:10:00','2023-10-17','22:44:00',13171.00,105,'UK','ISK','PNQ'),('6E650','Jet Airways','2023-10-12','00:34:00','2023-10-12','12:35:00',12411.00,122,'9W','TRV','RJA'),('6E689','SpiceJet','2023-10-05','05:59:00','2023-10-05','18:15:00',18997.00,188,'SG','IXJ','IXA'),('6E700','SpiceJet','2023-10-12','05:40:00','2023-10-12','04:39:00',10101.00,255,'SG','RJA','HBX'),('6E722','Jet Airways','2023-10-24','16:07:00','2023-10-24','04:29:00',13846.00,102,'9W','KJB','ATQ'),('6E734','Air India','2023-10-15','00:58:00','2023-10-15','01:31:00',13925.00,113,'AI','PGH','TRV'),('6E736','Jet Airways','2023-10-04','19:55:00','2023-10-04','18:18:00',7384.00,297,'9W','VGA','CDP'),('6E777','IndiGo','2023-10-03','15:04:00','2023-10-03','09:10:00',19018.00,290,'6E','IXZ','PAT'),('6E818','IndiGo','2023-10-28','03:30:00','2023-10-28','00:51:00',18649.00,259,'6E','JDH','GWL'),('6E833','IndiGo','2023-10-03','15:25:00','2023-10-03','14:54:00',15415.00,272,'6E','IXR','AMD'),('6E852','SpiceJet','2023-10-17','00:50:00','2023-10-17','11:05:00',11520.00,180,'SG','IXS','IXC'),('6E864','Jet Airways','2023-10-27','23:42:00','2023-10-27','00:35:00',18951.00,273,'9W','BLR','MAA'),('6E876','Air India','2023-10-17','18:04:00','2023-10-17','03:21:00',11664.00,119,'AI','IXZ','JDH'),('6E894','IndiGo','2023-10-24','20:34:00','2023-10-24','07:06:00',4577.00,295,'6E','NAG','BOM'),('6E938','SpiceJet','2023-10-07','09:32:00','2023-10-07','12:18:00',13701.00,242,'SG','TCR','BBI'),('6E994','Jet Airways','2023-10-23','12:32:00','2023-10-23','17:29:00',12040.00,245,'9W','CDP','CDP'),('AI009','Air India','2023-10-16','14:00:00','2023-10-16','11:00:00',8482.79,133,'AI','MAA','STV'),('AI013','Air India','2023-10-22','03:00:00','2023-10-22','19:00:00',12443.17,270,'AI','PNQ','MAA'),('AI017','Air India','2023-10-24','03:00:00','2023-10-24','23:00:00',8641.64,294,'AI','ISK','HYD'),('AI021','Air India','2023-10-15','12:00:00','2023-10-15','05:00:00',19314.03,285,'AI','VTZ','BBI'),('AI022','Air India','2023-10-25','00:00:00','2023-10-25','06:00:00',15152.59,150,'AI','ISK','BLR'),('AI023','Air India','2023-10-13','14:00:00','2023-10-13','12:00:00',8803.71,220,'AI','DEL','ISK'),('AI027','Air India','2023-10-15','19:00:00','2023-10-15','13:00:00',12505.27,225,'AI','MAA','ISK'),('AI031','Air India','2023-10-28','14:00:00','2023-10-28','22:00:00',8708.62,157,'AI','VTZ','ISK'),('AI032','Air India','2023-10-27','04:00:00','2023-10-27','21:00:00',12955.92,250,'AI','LTU','BLR'),('AI039','Air India','2023-10-07','12:00:00','2023-10-07','23:00:00',18288.28,287,'AI','PNQ','ISK'),('AI040','Air India','2023-10-19','17:00:00','2023-10-19','21:00:00',12974.47,225,'AI','CCU','NAG'),('AI041','Air India','2023-10-08','12:00:00','2023-10-08','13:00:00',6231.21,148,'AI','DED','PNQ'),('AI050','Air India','2023-10-17','18:00:00','2023-10-17','06:00:00',16125.63,272,'AI','ISK','GOZ'),('AI053','SpiceJet','2023-10-21','04:00:00','2023-10-21','03:00:00',13825.00,181,'SG','GOI','PNQ'),('AI075','Air India','2023-10-20','12:00:00','2023-10-20','19:00:00',13580.94,175,'AI','BHO','STV'),('AI086','Air India','2023-10-07','23:00:00','2023-10-07','02:00:00',17426.03,251,'AI','PNQ','ISK'),('AI088','Air India','2023-10-17','15:00:00','2023-10-17','21:00:00',16615.58,212,'AI','GOI','PNQ'),('AI091','Air India','2023-10-11','14:00:00','2023-10-11','18:00:00',17341.23,197,'AI','DEL','GAU'),('AI092','Air India','2023-10-27','13:00:00','2023-10-27','12:00:00',18364.59,247,'AI','LTU','PNQ'),('AI095','Air India','2023-10-27','19:00:00','2023-10-27','00:00:00',18717.89,163,'AI','CCU','PNQ'),('AI097','Air India','2023-10-21','20:00:00','2023-10-21','17:00:00',15436.14,127,'AI','PNQ','MAA'),('AI099','Air India','2023-10-08','12:00:00','2023-10-08','17:00:00',9656.74,142,'AI','BBI','AMD'),('AI101','Air India','2023-10-20','21:00:00','2023-10-20','20:00:00',15629.80,193,'AI','LKO','STV'),('AI102','Jet Airways','2023-10-04','00:48:00','2023-10-04','20:57:00',12057.00,140,'9W','DGH','NAG'),('AI109','Jet Airways','2023-10-08','23:11:00','2023-10-08','09:35:00',14016.00,117,'9W','PNQ','ISK'),('AI145','Air India','2023-10-26','09:43:00','2023-10-26','05:18:00',9599.00,142,'AI','CCJ','IXZ'),('AI153','SpiceJet','2023-10-23','01:22:00','2023-10-23','12:30:00',2849.00,235,'SG','IXS','PGH'),('AI215','Jet Airways','2023-10-05','03:06:00','2023-10-05','13:08:00',2938.00,269,'9W','AGR','IDR'),('AI216','SpiceJet','2023-10-01','03:50:00','2023-10-01','14:50:00',9256.00,251,'SG','VGA','KJB'),('AI226','Vistara','2023-10-13','04:05:00','2023-10-13','21:58:00',3011.00,253,'UK','DMU','RPR'),('AI230','IndiGo','2023-10-21','08:27:00','2023-10-21','07:20:00',18997.00,295,'6E','DBR','IMF'),('AI247','Vistara','2023-10-25','00:30:00','2023-10-25','09:49:00',4138.00,234,'UK','KNU','GAY'),('AI260','Vistara','2023-10-10','00:03:00','2023-10-10','23:41:00',7715.00,224,'UK','TCR','KLH'),('AI271','Jet Airways','2023-10-26','06:38:00','2023-10-26','05:04:00',12281.00,279,'9W','KNU','JLR'),('AI312','Air India','2023-10-19','23:19:00','2023-10-19','01:31:00',11550.00,134,'AI','AJL','JDH'),('AI314','IndiGo','2023-10-19','01:08:00','2023-10-19','04:38:00',6653.00,136,'6E','AMD','BDQ'),('AI350','Jet Airways','2023-10-03','23:27:00','2023-10-03','04:59:00',17652.00,198,'9W','IDR','TRZ'),('AI368','Air India','2023-10-08','16:52:00','2023-10-08','12:59:00',10701.00,110,'AI','PNQ','BOM'),('AI391','Jet Airways','2023-10-04','09:11:00','2023-10-04','23:08:00',18884.00,232,'9W','JDH','GAU'),('AI440','Air India','2023-10-13','02:06:00','2023-10-13','18:38:00',6081.00,183,'AI','BOM','ISK'),('AI468','Vistara','2023-10-04','07:44:00','2023-10-04','23:51:00',8473.00,228,'UK','IXZ','NAG'),('AI480','SpiceJet','2023-10-02','19:29:00','2023-10-02','19:23:00',2040.00,115,'SG','JDH','HBX'),('AI510','Air India','2023-10-28','13:59:00','2023-10-28','00:41:00',4788.00,189,'AI','IXJ','SAG'),('AI514','Jet Airways','2023-10-27','16:33:00','2023-10-27','23:30:00',3103.00,251,'9W','JAI','IXC'),('AI518','SpiceJet','2023-10-14','00:24:00','2023-10-14','02:14:00',17403.00,161,'SG','CNN','RJA'),('AI543','Vistara','2023-10-28','00:58:00','2023-10-28','21:45:00',17893.00,298,'UK','ISK','BOM'),('AI561','Vistara','2023-10-04','02:30:00','2023-10-04','00:42:00',8679.00,237,'UK','DIB','AJL'),('AI565','IndiGo','2023-10-03','11:27:00','2023-10-03','19:04:00',5720.00,267,'6E','KNU','PGH'),('AI625','Vistara','2023-10-25','12:56:00','2023-10-25','12:43:00',15365.00,250,'UK','IXZ','BLR'),('AI634','SpiceJet','2023-10-24','00:41:00','2023-10-24','07:07:00',6116.00,240,'SG','PNQ','PNQ'),('AI649','Air India','2023-10-16','10:49:00','2023-10-16','05:50:00',19669.00,247,'AI','IXJ','JAI'),('AI661','Jet Airways','2023-10-17','12:16:00','2023-10-17','10:32:00',7888.00,143,'9W','IXD','SAG'),('AI692','Vistara','2023-10-23','12:08:00','2023-10-23','03:16:00',19918.00,262,'UK','KNU','IXC'),('AI706','Air India','2023-10-14','06:57:00','2023-10-14','00:10:00',6509.00,211,'AI','CCU','HGI'),('AI715','Vistara','2023-10-09','06:54:00','2023-10-09','20:15:00',5301.00,280,'UK','VNS','UDR'),('AI736','Vistara','2023-10-22','02:47:00','2023-10-22','20:56:00',12756.00,297,'UK','JLR','IXM'),('AI773','Vistara','2023-10-20','00:26:00','2023-10-20','00:44:00',8433.00,169,'UK','BOM','BOM'),('AI778','Jet Airways','2023-10-07','22:48:00','2023-10-07','02:52:00',7987.00,115,'9W','PNQ','ISK'),('AI787','Vistara','2023-10-21','11:07:00','2023-10-21','00:35:00',6783.00,203,'UK','HGI','IMF'),('AI797','Jet Airways','2023-10-17','15:35:00','2023-10-17','04:38:00',12378.00,164,'9W','CNN','IXD'),('AI798','Air India','2023-10-13','04:38:00','2023-10-13','20:06:00',17504.00,241,'AI','BOM','BOM'),('AI839','Vistara','2023-10-02','06:15:00','2023-10-02','12:16:00',18799.00,219,'UK','BLR','RDP'),('AI840','Air India','2023-10-16','00:33:00','2023-10-16','08:04:00',19297.00,279,'AI','IXS','COK'),('AI869','Air India','2023-10-05','01:44:00','2023-10-05','08:00:00',17245.00,281,'AI','GAU','BBI'),('AI872','Air India','2023-10-20','10:06:00','2023-10-20','06:52:00',11728.00,202,'AI','DIB','IXL'),('AI890','Jet Airways','2023-10-07','12:52:00','2023-10-07','16:34:00',6615.00,168,'9W','JDH','DBR'),('AI897','SpiceJet','2023-10-07','04:24:00','2023-10-07','01:21:00',17043.00,251,'SG','IXU','PAT'),('AI913','Air India','2023-10-24','15:46:00','2023-10-24','22:35:00',11300.00,151,'AI','UDR','PNQ'),('AI916','SpiceJet','2023-10-18','00:55:00','2023-10-18','06:40:00',19917.00,152,'SG','DBR','IXS'),('AI923','Vistara','2023-10-20','02:52:00','2023-10-20','02:43:00',12231.00,185,'UK','CJB','BBI'),('AI955','Vistara','2023-10-20','13:37:00','2023-10-20','15:17:00',16287.00,232,'UK','BOM','ISK'),('AI992','Jet Airways','2023-10-28','03:54:00','2023-10-28','00:16:00',5474.00,250,'9W','PNQ','BOM'),('AI999','SpiceJet','2023-10-08','13:03:00','2023-10-08','08:27:00',19965.00,100,'SG','AMD','TIR'),('G8114','Vistara','2023-10-12','06:53:00','2023-10-12','13:42:00',18667.00,189,'UK','DGH','SAG'),('G8125','Vistara','2023-10-08','13:15:00','2023-10-08','12:10:00',7458.00,128,'UK','IXJ','AGR'),('G8131','Vistara','2023-10-10','09:13:00','2023-10-10','18:56:00',11655.00,292,'UK','PAT','GAU'),('G8149','Vistara','2023-10-28','19:31:00','2023-10-28','01:18:00',15210.00,179,'UK','VTZ','SXR'),('G8154','Jet Airways','2023-10-24','22:52:00','2023-10-24','23:37:00',6270.00,146,'9W','VGA','IMF'),('G8156','Vistara','2023-10-06','19:59:00','2023-10-06','12:31:00',3248.00,187,'UK','ISK','ISK'),('G8164','IndiGo','2023-10-19','01:43:00','2023-10-19','01:12:00',8250.00,211,'6E','TCR','GOX'),('G8172','SpiceJet','2023-10-22','03:44:00','2023-10-22','21:56:00',2084.00,104,'SG','ISK','ISK'),('G8181','SpiceJet','2023-10-14','20:54:00','2023-10-14','11:57:00',3497.00,280,'SG','GOX','PAT'),('G8247','Jet Airways','2023-10-11','05:31:00','2023-10-11','23:36:00',9027.00,118,'9W','IXR','SHL'),('G8274','IndiGo','2023-10-12','07:02:00','2023-10-12','17:39:00',10390.00,212,'SG','ISK','BOM'),('G8287','Vistara','2023-10-15','09:58:00','2023-10-15','08:35:00',2587.00,251,'UK','ISK','BOM'),('G8327','SpiceJet','2023-10-17','15:52:00','2023-10-17','07:43:00',15208.00,137,'SG','PNQ','PNQ'),('G8336','SpiceJet','2023-10-11','19:58:00','2023-10-11','15:53:00',9757.00,172,'SG','DGH','RPR'),('G8357','SpiceJet','2023-10-05','06:16:00','2023-10-05','08:56:00',17833.00,228,'SG','DIB','MYQ'),('G8362','SpiceJet','2023-10-04','09:52:00','2023-10-04','21:54:00',13980.00,256,'SG','NAG','KNU'),('G8394','Jet Airways','2023-10-19','00:15:00','2023-10-19','03:04:00',13525.00,158,'9W','PNQ','PNQ'),('G8400','Air India','2023-10-28','22:11:00','2023-10-28','11:52:00',18409.00,157,'AI','DMU','IXA'),('G8440','Vistara','2023-10-10','14:25:00','2023-10-10','12:11:00',17129.00,177,'UK','JDH','BEK'),('G8469','Jet Airways','2023-10-09','14:13:00','2023-10-09','21:10:00',12904.00,246,'9W','VTZ','AJL'),('G8492','SpiceJet','2023-10-10','00:09:00','2023-10-10','22:58:00',8037.00,203,'SG','CJB','SXR'),('G8508','Jet Airways','2023-10-02','03:45:00','2023-10-02','09:34:00',19613.00,220,'9W','JRH','DEL'),('G8512','Jet Airways','2023-10-05','06:44:00','2023-10-05','06:45:00',2432.00,149,'9W','CNN','PNQ'),('G8560','Jet Airways','2023-10-04','22:00:00','2023-10-04','19:36:00',5030.00,202,'9W','JLR','HYD'),('G8561','Jet Airways','2023-10-24','12:25:00','2023-10-24','06:36:00',3570.00,280,'9W','MAA','BEK'),('G8620','Vistara','2023-10-19','03:21:00','2023-10-19','00:18:00',8975.00,178,'UK','BOM','ISK'),('G8644','IndiGo','2023-10-09','12:23:00','2023-10-09','21:06:00',9100.00,263,'6E','DIB','CDP'),('G8651','Vistara','2023-10-15','22:59:00','2023-10-15','08:01:00',7228.00,110,'UK','KLH','SXR'),('G8665','IndiGo','2023-10-24','20:56:00','2023-10-24','17:32:00',13496.00,161,'6E','AGR','RJA'),('G8679','IndiGo','2023-10-18','14:43:00','2023-10-18','21:19:00',4433.00,151,'6E','ISK','PNQ'),('G8698','SpiceJet','2023-10-26','19:26:00','2023-10-26','14:30:00',6368.00,260,'SG','BOM','ISK'),('G8731','SpiceJet','2023-10-14','00:34:00','2023-10-14','06:31:00',11672.00,156,'SG','DBR','DEL'),('G8736','Vistara','2023-10-09','19:28:00','2023-10-09','12:53:00',2296.00,165,'UK','HYD','IMF'),('G8774','Jet Airways','2023-10-14','03:01:00','2023-10-14','15:14:00',9304.00,193,'9W','DGH','JLR'),('G8778','IndiGo','2023-10-22','13:03:00','2023-10-22','06:44:00',17466.00,112,'6E','BEK','VNS'),('G8779','Vistara','2023-10-15','07:31:00','2023-10-15','10:23:00',17979.00,271,'UK','PNQ','JAI'),('G8790','Air India','2023-10-20','05:01:00','2023-10-20','15:37:00',13800.00,110,'AI','IXE','BHO'),('G8797','Air India','2023-10-14','08:29:00','2023-10-14','08:24:00',17037.00,141,'AI','BEK','DGH'),('G8805','SpiceJet','2023-10-13','12:42:00','2023-10-13','11:01:00',19447.00,131,'SG','RPR','GOX'),('G8811','Jet Airways','2023-10-18','03:53:00','2023-10-18','00:58:00',2975.00,259,'9W','IXG','BHO'),('G8812','Air India','2023-10-28','03:55:00','2023-10-28','00:34:00',10094.00,252,'AI','PNQ','PNQ'),('G8821','Air India','2023-10-04','17:18:00','2023-10-04','00:36:00',15524.00,159,'AI','IXM','TRV'),('G8834','IndiGo','2023-10-19','07:29:00','2023-10-19','07:42:00',15048.00,250,'6E','UDR','TRV'),('G8836','Air India','2023-10-02','23:11:00','2023-10-02','14:23:00',10104.00,164,'AI','TRZ','KJB'),('G8849','SpiceJet','2023-10-12','18:23:00','2023-10-12','22:58:00',13963.00,197,'SG','DGH','STV'),('G8854','Vistara','2023-10-13','03:13:00','2023-10-13','17:25:00',5336.00,261,'UK','VNS','PNQ'),('G8859','Jet Airways','2023-10-21','03:41:00','2023-10-21','07:39:00',11504.00,158,'9W','DEL','AJL'),('G8864','Air India','2023-10-01','13:41:00','2023-10-01','02:16:00',9685.00,137,'AI','BBI','GOP'),('G8897','Vistara','2023-10-15','17:22:00','2023-10-15','21:25:00',7042.00,210,'UK','JDH','NAG'),('G8898','Vistara','2023-10-07','05:45:00','2023-10-07','23:35:00',19987.00,153,'UK','PNQ','ISK'),('G8908','Jet Airways','2023-10-18','05:39:00','2023-10-18','00:12:00',10827.00,141,'9W','BLR','IXE'),('G8910','SpiceJet','2023-10-06','12:50:00','2023-10-06','10:25:00',18746.00,178,'SG','COK','GWL'),('G8931','Air India','2023-10-15','15:06:00','2023-10-15','15:11:00',18487.00,234,'AI','PNQ','BOM'),('G8940','Jet Airways','2023-10-12','07:52:00','2023-10-12','09:32:00',19545.00,124,'9W','KLH','GOX'),('G8983','Jet Airways','2023-10-19','11:15:00','2023-10-19','16:05:00',19161.00,116,'9W','AGR','COK'),('SG001','SpiceJet','2023-10-26','07:00:00','2023-10-26','01:00:00',15915.86,218,'SG','TRV','PAT'),('SG006','SpiceJet','2023-10-18','20:00:00','2023-10-18','23:00:00',6266.96,165,'SG','STV','BHO'),('SG007','SpiceJet','2023-10-01','02:00:00','2023-10-01','15:00:00',17339.66,167,'SG','ISK','PNQ'),('SG012','SpiceJet','2023-10-24','13:00:00','2023-10-24','04:00:00',6011.73,244,'SG','PNQ','MAA'),('SG014','SpiceJet','2023-10-28','07:00:00','2023-10-28','10:00:00',7176.69,279,'SG','COK','PNQ'),('SG018','SpiceJet','2023-10-04','12:00:00','2023-10-04','15:00:00',13786.71,233,'SG','LKO','IDR'),('SG026','SpiceJet','2023-10-15','08:00:00','2023-10-15','19:00:00',7519.65,101,'SG','DEL','PNQ'),('SG030','SpiceJet','2023-10-23','07:00:00','2023-10-23','03:00:00',5423.57,209,'SG','DEL','ISK'),('SG034','SpiceJet','2023-10-05','23:00:00','2023-10-05','12:00:00',12333.60,120,'SG','COK','BLR'),('SG037','SpiceJet','2023-10-27','16:00:00','2023-10-27','02:00:00',7883.54,203,'SG','BOM','ATQ'),('SG078','SpiceJet','2023-10-06','12:00:00','2023-10-06','03:00:00',13608.13,299,'SG','GAU','CCU'),('SG081','SpiceJet','2023-10-17','09:00:00','2023-10-17','06:00:00',7988.57,199,'SG','BLR','DEL'),('SG082','SpiceJet','2023-10-15','18:00:00','2023-10-15','06:00:00',14531.27,298,'SG','GOI','PAT'),('SG083','SpiceJet','2023-10-22','03:00:00','2023-10-22','12:00:00',12651.81,244,'SG','BLR','ISK'),('SG084','SpiceJet','2023-10-08','18:00:00','2023-10-08','18:00:00',9888.03,183,'AI','JAI','VTZ'),('SG089','SpiceJet','2023-10-19','18:00:00','2023-10-19','04:00:00',6321.92,118,'SG','GOI','STV'),('SG090','IndiGo','2023-10-01','15:00:00','2023-10-01','17:00:00',7553.15,215,'6E','VNS','PNQ'),('SG093','SpiceJet','2023-10-05','23:00:00','2023-10-05','20:00:00',15634.63,203,'AI','DED','DED'),('SG103','IndiGo','2023-10-11','02:38:00','2023-10-11','12:25:00',14066.00,148,'6E','IXD','BHO'),('SG104','Air India','2023-10-01','19:22:00','2023-10-01','11:24:00',10513.00,279,'AI','PNQ','PNQ'),('SG111','Jet Airways','2023-10-04','10:41:00','2023-10-04','01:33:00',5517.00,192,'9W','BBI','SXR'),('SG112','Vistara','2023-10-13','01:24:00','2023-10-13','06:00:00',10523.00,190,'UK','AMD','DEL'),('SG150','Air India','2023-10-16','12:53:00','2023-10-16','22:22:00',5435.00,238,'AI','IXZ','BBI'),('SG152','IndiGo','2023-10-02','05:16:00','2023-10-02','12:58:00',5577.00,279,'6E','GOP','IXJ'),('SG158','Vistara','2023-10-28','04:54:00','2023-10-28','22:56:00',18012.00,151,'UK','CDP','GOI'),('SG166','SpiceJet','2023-10-09','12:51:00','2023-10-09','03:47:00',4370.00,164,'SG','MAA','IXG'),('SG190','Jet Airways','2023-10-09','22:40:00','2023-10-09','16:51:00',7232.00,146,'9W','RPR','DED'),('SG207','Air India','2023-10-20','04:54:00','2023-10-20','14:07:00',7380.00,136,'AI','CCU','KJB'),('SG210','IndiGo','2023-10-05','09:30:00','2023-10-05','02:51:00',6697.00,274,'6E','ISK','BOM'),('SG222','IndiGo','2023-10-11','14:26:00','2023-10-11','07:11:00',11505.00,230,'6E','IMF','NAG'),('SG235','Vistara','2023-10-14','08:46:00','2023-10-14','21:23:00',4973.00,120,'UK','ISK','PNQ'),('SG304','IndiGo','2023-10-03','18:22:00','2023-10-03','17:02:00',6140.00,202,'6E','NAG','SAG'),('SG317','IndiGo','2023-10-01','08:55:00','2023-10-01','20:44:00',15618.00,111,'6E','JLR','IMF'),('SG361','IndiGo','2023-10-10','23:43:00','2023-10-10','14:28:00',4989.00,264,'6E','IXU','AMD'),('SG362','SpiceJet','2023-10-11','19:12:00','2023-10-11','21:44:00',6126.00,173,'SG','PNQ','PNQ'),('SG390','Vistara','2023-10-23','15:18:00','2023-10-23','00:41:00',4406.00,239,'UK','BOM','PNQ'),('SG391','Vistara','2023-10-19','17:35:00','2023-10-19','09:01:00',3576.00,178,'UK','AJL','NAG'),('SG405','Vistara','2023-10-27','00:17:00','2023-10-27','09:55:00',12182.00,108,'UK','JDH','TRZ'),('SG440','Air India','2023-10-06','20:16:00','2023-10-06','05:39:00',7101.00,242,'AI','BOM','PNQ'),('SG462','SpiceJet','2023-10-22','09:44:00','2023-10-22','02:39:00',12587.00,130,'SG','IXA','CCU'),('SG463','IndiGo','2023-10-19','15:01:00','2023-10-19','21:25:00',7040.00,136,'6E','PNQ','PNQ'),('SG484','SpiceJet','2023-10-01','20:52:00','2023-10-01','13:42:00',6070.00,163,'SG','BLR','VTZ'),('SG493','SpiceJet','2023-10-06','23:13:00','2023-10-06','18:52:00',7510.00,255,'SG','PNQ','PNQ'),('SG497','IndiGo','2023-10-11','19:42:00','2023-10-11','19:08:00',16605.00,157,'SG','CCU','JDH'),('SG534','Vistara','2023-10-22','04:54:00','2023-10-22','07:02:00',8170.00,114,'UK','BOM','BOM'),('SG556','Jet Airways','2023-10-25','03:09:00','2023-10-25','06:09:00',3875.00,108,'9W','ATQ','IXJ'),('SG561','SpiceJet','2023-10-03','16:08:00','2023-10-03','16:01:00',13297.00,113,'SG','IXR','ATQ'),('SG577','IndiGo','2023-10-26','11:28:00','2023-10-26','08:46:00',12931.00,107,'6E','GWL','RJA'),('SG682','Air India','2023-10-09','08:12:00','2023-10-09','18:57:00',17077.00,212,'AI','JLR','UDR'),('SG693','Vistara','2023-10-18','15:25:00','2023-10-18','09:13:00',3917.00,134,'UK','HBX','HYD'),('SG697','SpiceJet','2023-10-05','16:16:00','2023-10-05','01:07:00',8730.00,271,'SG','NAG','TIR'),('SG698','Vistara','2023-10-11','12:37:00','2023-10-11','00:59:00',7766.00,260,'UK','ISK','ISK'),('SG709','IndiGo','2023-10-19','14:17:00','2023-10-19','01:05:00',10443.00,134,'6E','IXD','IXA'),('SG711','Air India','2023-10-28','13:23:00','2023-10-28','12:21:00',19474.00,150,'AI','BDQ','BEK'),('SG717','Jet Airways','2023-10-22','23:58:00','2023-10-22','21:57:00',13310.00,152,'9W','BHO','RJA'),('SG836','SpiceJet','2023-10-05','11:20:00','2023-10-05','08:42:00',2920.00,291,'SG','AJL','STV'),('SG880','SpiceJet','2023-10-09','00:06:00','2023-10-09','15:21:00',8617.00,249,'SG','AGR','IXM'),('SG885','Air India','2023-10-12','13:55:00','2023-10-12','08:53:00',6335.00,179,'AI','SAG','TIR'),('SG894','Jet Airways','2023-10-16','20:48:00','2023-10-16','15:08:00',10002.00,234,'9W','VNS','SAG'),('SG905','Vistara','2023-10-27','16:27:00','2023-10-27','06:40:00',6341.00,284,'UK','BOM','DGH'),('SG914','Air India','2023-10-24','06:08:00','2023-10-24','23:34:00',19432.00,160,'AI','LKO','IDR'),('SG920','SpiceJet','2023-10-12','13:17:00','2023-10-12','17:57:00',19299.00,250,'SG','TRZ','RDP'),('SG990','SpiceJet','2023-10-10','17:13:00','2023-10-10','22:48:00',12846.00,191,'SG','HGI','UDR'),('UK002','Vistara','2023-10-04','08:00:00','2023-10-04','12:00:00',13511.02,111,'UK','BOM','COK'),('UK003','Vistara','2023-10-13','17:00:00','2023-10-13','04:00:00',10812.58,279,'UK','CCU','ISK'),('UK005','Vistara','2023-10-10','18:00:00','2023-10-10','21:00:00',6161.45,194,'UK','DEL','BBI'),('UK015','Vistara','2023-10-28','07:00:00','2023-10-28','19:00:00',16399.20,101,'UK','AMD','BLR'),('UK016','Vistara','2023-10-14','07:00:00','2023-10-14','01:00:00',9195.21,110,'UK','BLR','PNQ'),('UK019','Vistara','2023-10-03','12:00:00','2023-10-03','21:00:00',10325.05,109,'UK','BBI','GAU'),('UK020','Vistara','2023-10-19','07:00:00','2023-10-19','03:00:00',14837.43,153,'UK','DEL','PNQ'),('UK025','Vistara','2023-10-01','00:00:00','2023-10-01','20:00:00',7266.93,192,'UK','ATQ','BBI'),('UK033','Vistara','2023-10-31','21:00:00','2023-10-31','11:00:00',5199.63,193,'UK','PNQ','ISK'),('UK035','Vistara','2023-10-18','03:00:00','2023-10-18','02:00:00',7429.33,294,'UK','DED','GOI'),('UK042','Vistara','2023-10-06','14:00:00','2023-10-06','08:00:00',10158.54,272,'UK','PNQ','DEL'),('UK043','Vistara','2023-10-27','21:00:00','2023-10-27','18:00:00',14840.81,264,'UK','KUU','BKB'),('UK051','Vistara','2023-10-27','23:00:00','2023-10-27','00:00:00',5415.16,109,'UK','GOI','LKO'),('UK054','Vistara','2023-10-08','08:00:00','2023-10-08','02:00:00',9460.48,187,'UK','ISK','PNQ'),('UK055','Vistara','2023-10-21','08:00:00','2023-10-21','20:00:00',14464.68,255,'UK','LTU','PNQ'),('UK073','Vistara','2023-10-05','04:00:00','2023-10-05','08:00:00',14168.22,114,'UK','ISK','PNQ'),('UK074','Vistara','2023-10-07','02:00:00','2023-10-07','14:00:00',7667.78,208,'6E','BDQ','NAG'),('UK076','Vistara','2023-10-03','07:00:00','2023-10-03','07:00:00',12021.99,118,'6E','LKO','VTZ'),('UK079','Vistara','2023-10-10','15:00:00','2023-10-10','07:00:00',11717.36,250,'UK','PNQ','HYD'),('UK080','Vistara','2023-10-20','22:00:00','2023-10-20','21:00:00',13336.40,220,'SG','LTU','PNQ'),('UK085','Vistara','2023-10-25','10:00:00','2023-10-25','20:00:00',11604.84,200,'6E','BDQ','BHO'),('UK087','Vistara','2023-10-13','04:00:00','2023-10-13','20:00:00',14285.84,288,'UK','BLR','PNQ'),('UK094','Vistara','2023-10-24','04:00:00','2023-10-24','18:00:00',14139.87,166,'UK','CCU','LKO'),('UK098','Vistara','2023-10-20','22:00:00','2023-10-20','19:00:00',11354.73,236,'UK','PNQ','ISK'),('UK100','Vistara','2023-10-29','13:00:00','2023-10-29','12:00:00',19713.76,173,'UK','ISK','GOZ'),('UK125','IndiGo','2023-10-03','07:08:00','2023-10-03','02:23:00',3196.00,180,'6E','DBR','RPR'),('UK146','SpiceJet','2023-10-25','00:02:00','2023-10-25','18:18:00',5779.00,157,'SG','ISK','BOM'),('UK148','Vistara','2023-10-01','07:40:00','2023-10-01','17:07:00',8150.00,290,'UK','MAA','PAT'),('UK166','Vistara','2023-10-06','01:37:00','2023-10-06','04:36:00',17590.00,162,'UK','SAG','DEL'),('UK193','SpiceJet','2023-10-13','01:19:00','2023-10-13','19:19:00',16654.00,283,'SG','HYD','BHO'),('UK195','IndiGo','2023-10-05','00:12:00','2023-10-05','07:31:00',15675.00,292,'6E','IDR','DIB'),('UK204','Air India','2023-10-15','14:58:00','2023-10-15','05:25:00',2533.00,296,'AI','GAY','BEK'),('UK218','Vistara','2023-10-28','13:17:00','2023-10-28','15:11:00',2304.00,217,'UK','BOM','BOM'),('UK246','Air India','2023-10-17','12:52:00','2023-10-17','10:46:00',5004.00,270,'AI','RJA','DIB'),('UK249','Vistara','2023-10-02','06:29:00','2023-10-02','23:59:00',7958.00,216,'UK','ISK','PNQ'),('UK260','Jet Airways','2023-10-11','01:02:00','2023-10-11','10:59:00',18548.00,282,'9W','DMU','CCU'),('UK265','IndiGo','2023-10-05','07:02:00','2023-10-05','15:12:00',16494.00,126,'6E','IXM','MAA'),('UK268','Vistara','2023-10-12','12:05:00','2023-10-12','00:45:00',6858.00,121,'UK','ISK','PNQ'),('UK294','Vistara','2023-10-14','13:37:00','2023-10-14','02:05:00',10229.00,105,'UK','NAG','UDR'),('UK297','Jet Airways','2023-10-21','00:31:00','2023-10-21','21:24:00',19304.00,164,'9W','BOM','BOM'),('UK302','Jet Airways','2023-10-16','19:52:00','2023-10-16','14:20:00',4188.00,203,'9W','JLR','AJL'),('UK334','IndiGo','2023-10-17','12:56:00','2023-10-17','03:01:00',14260.00,141,'6E','PNQ','ISK'),('UK340','Air India','2023-10-24','05:12:00','2023-10-24','18:02:00',10464.00,167,'AI','SHL','DMU'),('UK346','SpiceJet','2023-10-20','12:28:00','2023-10-20','03:27:00',9942.00,185,'SG','IXJ','CJB'),('UK365','Air India','2023-10-10','11:49:00','2023-10-10','16:47:00',12307.00,165,'AI','JRH','IXZ'),('UK393','Jet Airways','2023-10-12','20:30:00','2023-10-12','01:13:00',18577.00,138,'9W','TRZ','VGA'),('UK396','Vistara','2023-10-16','04:03:00','2023-10-16','20:27:00',3315.00,259,'UK','IXL','IXR'),('UK402','Jet Airways','2023-10-01','00:00:00','2023-10-01','03:28:00',15163.00,218,'9W','LKO','IXC'),('UK411','IndiGo','2023-10-26','19:07:00','2023-10-26','13:07:00',5418.00,238,'6E','DED','CCU'),('UK438','Jet Airways','2023-10-05','12:30:00','2023-10-05','12:21:00',4636.00,260,'9W','TIR','BHO'),('UK443','Vistara','2023-10-07','20:33:00','2023-10-07','02:56:00',6354.00,262,'UK','VTZ','KNU'),('UK486','Jet Airways','2023-10-22','04:49:00','2023-10-22','23:57:00',9681.00,232,'9W','BOM','ISK'),('UK490','Air India','2023-10-27','14:27:00','2023-10-27','15:31:00',19714.00,299,'AI','IMF','CCJ'),('UK493','Vistara','2023-10-16','04:27:00','2023-10-16','11:57:00',8144.00,218,'UK','AJL','RJA'),('UK521','Air India','2023-10-26','00:01:00','2023-10-26','08:27:00',12373.00,130,'AI','STV','HYD'),('UK526','Air India','2023-10-01','12:49:00','2023-10-01','19:43:00',14522.00,218,'AI','KJB','IXL'),('UK562','Jet Airways','2023-10-01','23:53:00','2023-10-01','05:09:00',16300.00,128,'9W','BOM','PNQ'),('UK566','SpiceJet','2023-10-08','13:19:00','2023-10-08','08:16:00',15961.00,245,'SG','GAY','BEK'),('UK569','SpiceJet','2023-10-08','04:54:00','2023-10-08','04:46:00',17235.00,247,'SG','TIR','DED'),('UK570','Vistara','2023-10-20','22:07:00','2023-10-20','09:36:00',7608.00,196,'UK','HGI','MAA'),('UK574','Jet Airways','2023-10-17','16:47:00','2023-10-17','18:29:00',2681.00,213,'9W','BOM','PNQ'),('UK600','Vistara','2023-10-24','12:37:00','2023-10-24','04:02:00',2478.00,285,'UK','ISK','BOM'),('UK604','Jet Airways','2023-10-15','21:08:00','2023-10-15','21:44:00',15442.00,282,'9W','VGA','IXM'),('UK611','IndiGo','2023-10-02','09:02:00','2023-10-02','22:08:00',16891.00,269,'6E','DMU','DGH'),('UK620','IndiGo','2023-10-08','22:36:00','2023-10-08','17:05:00',7724.00,261,'6E','COK','GOI'),('UK710','IndiGo','2023-10-25','16:30:00','2023-10-25','12:08:00',10181.00,263,'6E','IXA','TIR'),('UK712','IndiGo','2023-10-17','10:58:00','2023-10-17','15:40:00',16262.00,248,'6E','IXC','DED'),('UK744','Air India','2023-10-03','22:23:00','2023-10-03','15:42:00',19466.00,185,'AI','IXB','DMU'),('UK764','Air India','2023-10-12','09:35:00','2023-10-12','13:00:00',14013.00,282,'AI','IXG','RJA'),('UK788','Air India','2023-10-13','09:02:00','2023-10-13','12:12:00',9987.43,200,'AI','COK','PNQ'),('UK789','Vistara','2023-10-24','21:28:00','2023-10-24','02:09:00',14209.00,223,'UK','ATQ','JDH'),('UK814','IndiGo','2023-10-10','18:38:00','2023-10-10','20:42:00',15180.00,225,'6E','JRH','IXL'),('UK833','Air India','2023-10-13','21:52:00','2023-10-13','01:54:00',7649.00,255,'AI','DMU','VNS'),('UK858','Air India','2023-10-11','01:10:00','2023-10-11','12:12:00',17135.00,189,'AI','RDP','SXR'),('UK877','SpiceJet','2023-10-13','15:28:00','2023-10-13','05:54:00',10927.00,111,'SG','GAU','IDR'),('UK912','Vistara','2023-10-03','02:53:00','2023-10-03','08:37:00',5890.00,227,'UK','PNQ','BOM'),('UK925','SpiceJet','2023-10-02','00:57:00','2023-10-02','06:56:00',7374.00,136,'SG','IXJ','IXB'),('UK987','IndiGo','2023-10-17','06:26:00','2023-10-17','08:30:00',10048.00,167,'6E','ISK','BOM');
/*!40000 ALTER TABLE `Flights` ENABLE KEYS */;
UNLOCK TABLES;

--
-- Table structure for table `Passengers`
--

DROP TABLE IF EXISTS `Passengers`;
/*!40101 SET @saved_cs_client     = @@character_set_client */;
/*!50503 SET character_set_client = utf8mb4 */;
CREATE TABLE `Passengers` (
  `PassengerID` int NOT NULL AUTO_INCREMENT,
  `Passengername` varchar(50) DEFAULT NULL,
  `Age` int DEFAULT NULL,
  `Gender` varchar(10) DEFAULT NULL,
  `EmailID` varchar(255) DEFAULT NULL,
  `PhoneNumber` varchar(15) DEFAULT NULL,
  PRIMARY KEY (`PassengerID`)
) ENGINE=InnoDB AUTO_INCREMENT=234 DEFAULT CHARSET=utf8mb4 COLLATE=utf8mb4_0900_ai_ci;
/*!40101 SET character_set_client = @saved_cs_client */;

--
-- Dumping data for table `Passengers`
--

LOCK TABLES `Passengers` WRITE;
/*!40000 ALTER TABLE `Passengers` DISABLE KEYS */;
INSERT INTO `Passengers` VALUES (159,'Lisa Kapoor',29,'Male','Lisa159@gmail.com','9876543159'),(160,'Lisa Smith',34,'Female','Lisa160@gmail.com','9876543160'),(161,'Vikram Verma',27,'Female','Vikram161@gmail.com','9876543161'),(162,'Aarav Singh',29,'Male','Aarav162@gmail.com','9876543162'),(163,'Suresh Patel',38,'Male','Suresh163@gmail.com','9876543163'),(164,'Divya Verma',36,'Female','Divya164@gmail.com','9876543164'),(165,'Sumit Jain',34,'Female','Sumit165@gmail.com','9876543165'),(166,'Kavita Yadav',31,'Male','Kavita166@gmail.com','9876543166'),(167,'Rajesh Kapoor',26,'Female','Rajesh167@gmail.com','9876543167'),(168,'Sunita Gupta',32,'Female','Sunita168@gmail.com','9876543168'),(169,'Sumit Gupta',35,'Female','Sumit169@gmail.com','9876543169'),(170,'Vikram Kapoor',31,'Female','Vikram170@gmail.com','9876543170'),(171,'Amit Smith',26,'Male','Amit171@gmail.com','9876543171'),(172,'Pooja Kapoor',39,'Male','Pooja172@gmail.com','9876543172'),(173,'Gaurav Singh',34,'Male','Gaurav173@gmail.com','9876543173'),(174,'Pooja Kapoor',39,'Male','Pooja174@gmail.com','9876543174'),(175,'Neha Jain',31,'Female','Neha175@gmail.com','9876543175'),(176,'Anita Sharma',35,'Male','Anita176@gmail.com','9876543176'),(177,'John Gupta',31,'Male','John177@gmail.com','9876543177'),(178,'Vikram Gupta',31,'Male','Vikram178@gmail.com','9876543178'),(179,'Rajesh Sharma',28,'Female','Rajesh179@gmail.com','9876543179'),(180,'Kavita Yadav',40,'Male','Kavita180@gmail.com','9876543180'),(181,'Gaurav Yadav',36,'Male','Gaurav181@gmail.com','9876543181'),(182,'Divya Kumar',34,'Female','Divya182@gmail.com','9876543182'),(183,'Vikram Jain',40,'Female','Vikram183@gmail.com','9876543183'),(184,'Anjali Sharma',31,'Male','Anjali184@gmail.com','9876543184'),(185,'Rajesh Verma',33,'Male','Rajesh185@gmail.com','9876543185'),(186,'Amit Sharma',32,'Female','Amit186@gmail.com','9876543186'),(187,'Vikram Smith',36,'Female','Vikram187@gmail.com','9876543187'),(188,'Reena Kapoor',28,'Male','Reena188@gmail.com','9876543188'),(189,'Rajesh Patel',29,'Female','Rajesh189@gmail.com','9876543189'),(190,'Anjali Yadav',26,'Female','Anjali190@gmail.com','9876543190'),(191,'Sunita Jain',26,'Male','Sunita191@gmail.com','9876543191'),(192,'Sunita Patel',37,'Female','Sunita192@gmail.com','9876543192'),(193,'Rajesh Patel',40,'Female','Rajesh193@gmail.com','9876543193'),(194,'Poonam Sharma',31,'Female','Poonam194@gmail.com','9876543194'),(195,'Pooja Gupta',35,'Male','Pooja195@gmail.com','9876543195'),(196,'Rajesh Patel',28,'Male','Rajesh196@gmail.com','9876543196'),(197,'Neha Verma',37,'Male','Neha197@gmail.com','9876543197'),(198,'Rahul Verma',31,'Female','Rahul198@gmail.com','9876543198'),(199,'Divya Verma',25,'Female','Divya199@gmail.com','9876543199'),(200,'Amit200',33,'female','Amit200@gmail.com','9876543200'),(201,'Sunita201',26,'male','Sunita201@gmail.com','9876543201'),(202,'Neha202',40,'male','Neha202@gmail.com','9876543202'),(203,'John203',40,'female','John203@gmail.com','9876543203'),(204,'John204',31,'female','John204@gmail.com','9876543204'),(205,'Lisa205',32,'female','Lisa205@gmail.com','9876543205'),(206,'Rajesh206',33,'female','Rajesh206@gmail.com','9876543206'),(207,'Poonam207',39,'male','Poonam207@gmail.com','9876543207'),(208,'Anita208',33,'male','Anita208@gmail.com','9876543208'),(209,'Amit209',29,'male','Amit209@gmail.com','9876543209'),(210,'John210',36,'male','John210@gmail.com','9876543210'),(211,'Lisa211',29,'male','Lisa211@gmail.com','9876543211'),(212,'Lisa212',34,'female','Lisa212@gmail.com','9876543212'),(213,'Vikram213',27,'female','Vikram213@gmail.com','9876543213'),(214,'Aarav214',29,'male','Aarav214@gmail.com','9876543214'),(215,'Suresh215',38,'male','Suresh215@gmail.com','9876543215'),(216,'Divya216',36,'female','Divya216@gmail.com','9876543216'),(217,'Sumit217',34,'female','Sumit217@gmail.com','9876543217'),(218,'Kavita218',31,'male','Kavita218@gmail.com','9876543218'),(219,'Rajesh219',26,'female','Rajesh219@gmail.com','9876543219'),(220,'Sunita220',32,'female','Sunita220@gmail.com','9876543220'),(221,'Sumit221',35,'female','Sumit221@gmail.com','9876543221'),(222,'Vikram222',31,'female','Vikram222@gmail.com','9876543222'),(223,'Amit223',26,'male','Amit223@gmail.com','9876543223'),(224,'Pooja224',39,'male','Pooja224@gmail.com','9876543224'),(225,'Gaurav225',34,'male','Gaurav225@gmail.com','9876543225'),(226,'Pooja226',39,'male','Pooja226@gmail.com','9876543226'),(227,'Neha227',31,'female','Neha227@gmail.com','9876543227'),(228,'John228',35,'male','John228@gmail.com','9876543228'),(229,'Vikram229',31,'male','Vikram229@gmail.com','9876543229'),(230,'Rajesh230',28,'female','Rajesh230@gmail.com','9876543230'),(231,'Kavita231',40,'male','Kavita231@gmail.com','9876543231'),(232,'Gaurav232',36,'male','Gaurav232@gmail.com','9876543232'),(233,'Divya233',34,'female','Divya233@gmail.com','9876543233');
/*!40000 ALTER TABLE `Passengers` ENABLE KEYS */;
UNLOCK TABLES;

--
-- Table structure for table `Passengers_has_Reservations`
--

DROP TABLE IF EXISTS `Passengers_has_Reservations`;
/*!40101 SET @saved_cs_client     = @@character_set_client */;
/*!50503 SET character_set_client = utf8mb4 */;
CREATE TABLE `Passengers_has_Reservations` (
  `Passengers_PassengerID` int NOT NULL,
  `Reservations_ReservationID` varchar(50) NOT NULL,
  PRIMARY KEY (`Passengers_PassengerID`,`Reservations_ReservationID`),
  KEY `fk_Passengers_has_Reservations_Reservations1_idx` (`Reservations_ReservationID`),
  KEY `fk_Passengers_has_Reservations_Passengers1_idx` (`Passengers_PassengerID`),
  CONSTRAINT `fk_Passengers_has_Reservations_Passengers1` FOREIGN KEY (`Passengers_PassengerID`) REFERENCES `Passengers` (`PassengerID`),
  CONSTRAINT `fk_Passengers_has_Reservations_Reservations1` FOREIGN KEY (`Reservations_ReservationID`) REFERENCES `Reservations` (`ReservationID`)
) ENGINE=InnoDB DEFAULT CHARSET=utf8mb4 COLLATE=utf8mb4_0900_ai_ci;
/*!40101 SET character_set_client = @saved_cs_client */;

--
-- Dumping data for table `Passengers_has_Reservations`
--

LOCK TABLES `Passengers_has_Reservations` WRITE;
/*!40000 ALTER TABLE `Passengers_has_Reservations` DISABLE KEYS */;
INSERT INTO `Passengers_has_Reservations` VALUES (159,'0849JQ'),(160,'9854EU'),(161,'5353AG'),(162,'1369OB'),(163,'9327RB'),(164,'5818PH'),(165,'5023WO'),(166,'3479NT'),(167,'0747CV'),(168,'4693VO'),(169,'7320FW'),(170,'2641TO'),(171,'3731TU'),(172,'3018TH'),(173,'4494FU'),(174,'2667GF'),(175,'9238PP'),(176,'8368EL'),(177,'7666HV'),(178,'7939GF'),(179,'9578EK'),(180,'5646KZ'),(181,'2193NF'),(182,'7400VT'),(183,'4493FZ'),(184,'2380XU'),(185,'7981FK'),(186,'1111TW'),(187,'3255DG'),(188,'9655QR'),(189,'7364QE'),(190,'6960PB'),(191,'9761YY'),(192,'2526OL'),(193,'6615AW'),(194,'9992KY'),(195,'7545NL'),(196,'6280IZ'),(197,'9342RW'),(198,'7838MA'),(199,'6173AS'),(223,'7747IK'),(224,'9792ME'),(225,'8223FR'),(226,'3856IE'),(227,'5390NO'),(228,'9010VJ'),(229,'4874NT'),(230,'2480HG'),(231,'1571CN'),(232,'5235LZ'),(233,'9065EW'),(234,'1122QV'),(235,'2189DB'),(236,'4406JV'),(237,'4567IW'),(238,'7534AZ'),(239,'6558DV'),(240,'6273PR'),(241,'6172SI'),(242,'7329SP'),(243,'8857GK'),(244,'6105ES'),(245,'8648KR'),(246,'5977UM'),(247,'6941BQ'),(248,'8944ID'),(249,'8679GJ'),(250,'2508PI'),(251,'0030YC'),(252,'7224BQ'),(253,'8010SJ'),(254,'2989FP'),(255,'5042JA'),(256,'5342ZJ');
/*!40000 ALTER TABLE `Passengers_has_Reservations` ENABLE KEYS */;
UNLOCK TABLES;

--
-- Table structure for table `PaymentInformation`
--

DROP TABLE IF EXISTS `PaymentInformation`;
/*!40101 SET @saved_cs_client     = @@character_set_client */;
/*!50503 SET character_set_client = utf8mb4 */;
CREATE TABLE `PaymentInformation` (
  `PaymentID` int NOT NULL,
  `CardNumber` varchar(16) DEFAULT NULL,
  `ExpiryDate` date DEFAULT NULL,
  `CVV` varchar(3) DEFAULT NULL,
  `BillingAddress` varchar(100) DEFAULT NULL,
  `User_UserID` varchar(50) NOT NULL,
  PRIMARY KEY (`PaymentID`,`User_UserID`),
  KEY `fk_PaymentInformation_User1_idx` (`User_UserID`),
  CONSTRAINT `fk_PaymentInformation_User1` FOREIGN KEY (`User_UserID`) REFERENCES `User` (`UserID`)
) ENGINE=InnoDB DEFAULT CHARSET=utf8mb4 COLLATE=utf8mb4_0900_ai_ci;
/*!40101 SET character_set_client = @saved_cs_client */;

--
-- Dumping data for table `PaymentInformation`
--

LOCK TABLES `PaymentInformation` WRITE;
/*!40000 ALTER TABLE `PaymentInformation` DISABLE KEYS */;
INSERT INTO `PaymentInformation` VALUES (1,'4111111111111111','2025-12-01','123','123 Main St, Mumbai, India','abhisheksahani129'),(2,'4222222222222222','2026-11-01','234','456 Elm St, Delhi, India','deepalighumare0'),(3,'4333333333333333','2027-10-01','345','789 Oak St, Bangalore, India','mayurbose2001'),(4,'4444333322221111','2024-05-01','456','321 Pine St, Kolkata, India','mayur82927'),(5,'5555666677778888','2023-09-01','567','987 Elm St, Chennai, India','pranitawale11'),(6,'4111222233334444','2025-04-01','678','654 Oak St, Hyderabad, India','vaibhav126hegadkar'),(7,'6011000990139424','2027-01-01','789','123 Main St, Pune, India','abhishekjadhav552001'),(8,'3530111333300000','2026-08-01','890','456 Elm St, Ahmedabad, India','jagzapmrunal'),(9,'5200828282828210','2023-03-01','901','789 Oak St, Jaipur, India','yogeshpotadar04'),(10,'4917610000000000','2024-11-01','234','321 Pine St, Lucknow, India','manasostwal108'),(11,'6011055676892341','2027-02-01','567','987 Elm St, Patna, India','prajwaldhagude2002'),(12,'3530030000000000','2026-07-01','678','654 Oak St, Chandigarh, India','manishashinde372001'),(13,'6762109090808999','2025-06-01','789','123 Main St, Nagpur, India','akankshamg18'),(14,'5019717010103742','2023-05-01','890','456 Elm St, Indore, India','ab31satpute'),(15,'4916288888888888','2024-10-01','901','789 Oak St, Jaipur, India','nikitajare21'),(16,'4024007100042399','2026-03-01','123','321 Pine St, Ahmedabad, India','shwetaa1782000'),(17,'5405230653005125','2025-02-01','234','987 Elm St, Pune, India','gitanjalitambe119'),(18,'6011414387189390','2027-12-01','345','654 Oak St, Chennai, India','pallavisanjaykale'),(19,'2221005572229917','2024-09-01','456','123 Main St, Kolkata, India','rohi10'),(20,'3014610116524756','2023-06-01','567','456 Elm St, Hyderabad, India','pranalirepale'),(21,'3666717888731450','2026-05-01','678','789 Oak St, Delhi, India','balajisolunke62'),(22,'6011607109437835','2025-04-01','789','321 Pine St, Bangalore, India','ntambe175'),(23,'5357020202020202','2024-01-01','234','987 Elm St, Mumbai, India','sonkamblem066'),(24,'30569309025904','2027-11-01','345','654 Oak St, Pune, India','sushreesangitaacharya9'),(25,'379047959818111','2026-10-01','456','123 Main St, Ahmedabad, India','dnyaneshwariwandekar9'),(26,'5002352369722740','2025-02-01','567','456 Elm St, Lucknow, India','nisharode212'),(27,'5489589467982938','2023-08-01','678','789 Oak St, Chandigarh, India','shreedattatraykhude2001'),(28,'341071276478274','2024-07-01','789','321 Pine St, Patna, India','naiksrushti833'),(29,'36678571223456','2023-03-01','901','987 Elm St, Nagpur, India','asbhavsar712'),(30,'6011444236758788','2027-09-01','123','654 Oak St, Indore, India','shirsathk26'),(31,'4444333399991111','2024-06-01','234','123 Main St, Jaipur, India','afarinarab12'),(32,'6759189365073129','2026-04-01','345','456 Elm St, Chennai, India','pederushikesh03'),(33,'3044589365230494','2025-01-01','456','789 Oak St, Lucknow, India','thakarepunam182'),(34,'6011333814751475','2027-05-01','567','321 Pine St, Patna, India','akankshashivale21'),(35,'4844648937582819','2026-11-01','678','987 Elm St, Chandigarh, India','pbhusal9579'),(36,'36255967651234','2025-10-01','789','654 Oak St, Nagpur, India','aayshashaikh7866'),(37,'6011069038282818','2024-12-01','890','123 Main St, Indore, India','jadhavrohini102001'),(38,'2222111155557777','2023-02-01','901','456 Elm St, Jaipur, India','harshalgaikwad512'),(39,'5434180131768124','2027-08-01','123','789 Oak St, Kolkata, India','om123'),(40,'6756711189937189','2026-07-01','234','321 Pine St, Hyderabad, India','nileshpatil'),(41,'5019444444444444','2025-03-01','345','654 Oak St, Delhi, India','manishashinde3072001'),(42,'4217632388817234','2024-09-01','456','123 Main St, Bangalore, India','kolhep281'),(43,'6011333814758888','2023-06-01','567','456 Elm St, Mumbai, India','swayambhamresai'),(44,'3748329483214123','2026-04-01','678','789 Oak St, Pune, India','pratikbarhate0105'),(45,'3014114228217779','2025-01-01','789','987 Elm St, Chennai, India','avinash738749'),(46,'6011668938100010','2027-05-01','234','654 Oak St, Hyderabad, India','shoaibsameer904'),(47,'5446887772228888','2026-11-01','567','123 Main St, Delhi, India','omtamkhanebunny777'),(48,'4115222118223311','2025-10-01','678','456 Elm St, Bangalore, India','prajval567'),(49,'3625598932123456','2024-12-01','789','789 Oak St, Mumbai, India','abhaygadge8'),(50,'5432767810291045','2023-03-01','890','321 Pine St, Pune, India','pradip123'),(51,'4111222233334444','2025-12-01','123','123 Elm St, Mumbai, India','pranavthenge1999'),(52,'4222333344445555','2026-11-01','234','456 Oak St, Delhi, India','karantalekar18'),(53,'4333444555666777','2027-10-01','345','789 Pine St, Bangalore, India','yogeshj2797'),(54,'4444555566667777','2024-05-01','456','321 Main St, Kolkata, India','musu31jan'),(55,'5555666777888999','2023-09-01','567','987 Elm St, Chennai, India','John158@2023'),(56,'4111222233444555','2025-04-01','678','654 Oak St, Hyderabad, India','Rajesh100@2023'),(57,'6011333444555666','2027-01-01','789','123 Pine St, Pune, India','Suresh101@2023'),(58,'3530333222111000','2026-08-01','890','456 Main St, Ahmedabad, India','Rajesh102@2023'),(59,'5200555566667770','2023-03-01','901','789 Elm St, Jaipur, India','Sunita103@2023'),(60,'4917777888999000','2024-11-01','234','321 Oak St, Lucknow, India','Kavita104@2023'),(61,'6011000022223333','2025-12-01','123','123 Pine St, Mumbai, India','Anjali105@2023'),(62,'5421243543214567','2026-11-01','234','456 Oak St, Delhi, India','Poonam118@2023'),(63,'3789000456789012','2027-10-01','345','789 Elm St, Bangalore, India','Reena119@2023'),(64,'4111111111111111','2024-05-01','456','321 Main St, Kolkata, India','Vikram120@2023'),(65,'6012000300030004','2023-09-01','567','987 Pine St, Chennai, India','Rajesh121@2023'),(66,'4908877665543210','2025-04-01','678','654 Oak St, Hyderabad, India','Neha122@2023'),(67,'3535333344433444','2027-01-01','789','123 Elm St, Pune, India','Vikram123@2023'),(68,'6011555588889999','2026-08-01','890','456 Pine St, Ahmedabad, India','Lisa124@2023'),(69,'4256123412345678','2023-03-01','901','789 Main St, Jaipur, India','Anita125@2023'),(70,'5123445556789012','2024-11-01','234','321 Oak St, Lucknow, India','Gaurav126@2023'),(71,'6011000022223334','2025-12-01','123','123 Main St, Mumbai, India','Anita127@2023'),(72,'5421243543214568','2026-11-01','234','456 Elm St, Delhi, India','Rajesh128@2023'),(73,'3789000456789013','2027-10-01','345','789 Oak St, Bangalore, India','Amit129@2023'),(74,'4111111111111112','2024-05-01','456','321 Pine St, Kolkata, India','Rajesh130@2023'),(75,'6012000300030005','2023-09-01','567','987 Elm St, Chennai, India','Kavita131@2023'),(76,'4908877665543211','2025-04-01','678','654 Oak St, Hyderabad, India','Reena132@2023'),(77,'3535333344433445','2027-01-01','789','123 Main St, Pune, India','Vikram133@2023'),(78,'6011555588889998','2026-08-01','890','456 Elm St, Ahmedabad, India','Pooja134@2023'),(79,'4256123412345679','2023-03-01','901','789 Oak St, Jaipur, India','Kavita135@2023'),(80,'5123445556789013','2024-11-01','234','321 Pine St, Lucknow, India','Rahul136@2023'),(81,'6011000022223335','2025-12-01','123','123 Main St, Mumbai, India','Aarav137@2023'),(82,'5421243543214569','2026-11-01','234','456 Elm St, Delhi, India','John138@2023'),(83,'3789000456789014','2027-10-01','345','789 Oak St, Bangalore, India','Lisa139@2023'),(84,'4111111111111113','2024-05-01','456','321 Pine St, Kolkata, India','Suresh140@2023'),(85,'6012000300030006','2023-09-01','567','987 Elm St, Chennai, India','Anjali141@2023'),(86,'4908877665543212','2025-04-01','678','654 Oak St, Hyderabad, India','John142@2023'),(87,'3535333344433446','2027-01-01','789','123 Main St, Pune, India','Sunita143@2023'),(88,'6011555588889997','2026-08-01','890','456 Elm St, Ahmedabad, India','Neha144@2023'),(89,'4256123412345680','2023-03-01','901','789 Oak St, Jaipur, India','Rahul145@2023'),(90,'5123445556789014','2024-11-01','234','321 Pine St, Lucknow, India','Lisa146@2023'),(91,'6011000022223336','2025-12-01','123','123 Main St, Mumbai, India','Lisa147@2023'),(92,'5421243543214570','2026-11-01','234','456 Elm St, Delhi, India','Amit148@2023'),(93,'3789000456789015','2027-10-01','345','789 Oak St, Bangalore, India','Sunita149@2023'),(94,'4111111111111114','2024-05-01','456','321 Pine St, Kolkata, India','Neha150@2023'),(95,'6012000300030007','2023-09-01','567','987 Elm St, Chennai, India','John151@2023'),(96,'4908877665543213','2025-04-01','678','654 Oak St, Hyderabad, India','John152@2023'),(97,'3535333344433447','2027-01-01','789','123 Main St, Pune, India','Lisa153@2023'),(98,'6011555588889996','2026-08-01','890','456 Elm St, Ahmedabad, India','Rajesh154@2023'),(99,'4256123412345681','2023-03-01','901','789 Oak St, Jaipur, India','Poonam155@2023'),(100,'5123445556789015','2024-11-01','234','321 Pine St, Lucknow, India','Anita156@2023'),(101,'6011000022223337','2025-12-01','123','123 Pine St, Mumbai, India','Amit157@2023');
/*!40000 ALTER TABLE `PaymentInformation` ENABLE KEYS */;
UNLOCK TABLES;

--
-- Table structure for table `Reservations`
--

DROP TABLE IF EXISTS `Reservations`;
/*!40101 SET @saved_cs_client     = @@character_set_client */;
/*!50503 SET character_set_client = utf8mb4 */;
CREATE TABLE `Reservations` (
  `ReservationID` varchar(50) NOT NULL,
  `ReservationDate` date DEFAULT NULL,
  `Route` varchar(20) DEFAULT NULL,
  `Amount` decimal(10,2) DEFAULT NULL,
  `Classes_ClassID` int NOT NULL,
  `PaymentInformation_PaymentID` int NOT NULL,
  `Flights_FlightNumber` varchar(6) NOT NULL,
  PRIMARY KEY (`ReservationID`,`PaymentInformation_PaymentID`,`Classes_ClassID`,`Flights_FlightNumber`),
  KEY `fk_Reservations_Classes1_idx` (`Classes_ClassID`),
  KEY `fk_Reservations_PaymentInformation1_idx` (`PaymentInformation_PaymentID`),
  KEY `fk_Reservations_Flights1_idx` (`Flights_FlightNumber`),
  CONSTRAINT `fk_Reservations_Classes1` FOREIGN KEY (`Classes_ClassID`) REFERENCES `Classes` (`ClassID`),
  CONSTRAINT `fk_Reservations_Flights1` FOREIGN KEY (`Flights_FlightNumber`) REFERENCES `Flights` (`FlightNumber`),
  CONSTRAINT `fk_Reservations_PaymentInformation1` FOREIGN KEY (`PaymentInformation_PaymentID`) REFERENCES `PaymentInformation` (`PaymentID`)
) ENGINE=InnoDB DEFAULT CHARSET=utf8mb4 COLLATE=utf8mb4_0900_ai_ci;
/*!40101 SET character_set_client = @saved_cs_client */;

--
-- Dumping data for table `Reservations`
--

LOCK TABLES `Reservations` WRITE;
/*!40000 ALTER TABLE `Reservations` DISABLE KEYS */;
INSERT INTO `Reservations` VALUES ('0045OR','2023-10-10','TRV - PAT',5803.49,1,91,'SG001'),('0092KV','2023-10-10','BOM - COK',7430.42,1,63,'UK076'),('0373AF','2023-10-27','CCU - ISK',38935.60,2,46,'UK003'),('0457ZV','2023-10-30','CCU - LKO',8469.19,1,77,'6E004'),('0463WF','2023-10-19','DEL - BBI',5972.37,1,73,'UK005'),('0523HS','2023-10-31','STV - BHO',5974.89,1,58,'SG006'),('0654RE','2023-10-01','ISK - PNQ',5783.64,1,47,'6E028'),('0747CV','2023-10-08','COK - BLR',17565.78,1,0,'SG034'),('0765YL','2023-10-02','ISK - GOI',6900.00,1,4,'6E008'),('0849JQ','2023-10-29','HYD - IMF',114894.19,4,0,'G8736'),('0931WM','2023-10-01','MAA - STV',34692.20,2,97,'AI009'),('0958MX','2023-10-07','GOI - BHO',7362.27,1,76,'6E010'),('0985GX','2023-10-11','BLR - ISK',91061.52,4,17,'SG083'),('1089ET','2023-10-18','PNQ - MAA',7009.10,1,48,'SG012'),('1093GP','2023-10-04','PNQ - MAA',92058.59,4,41,'AI013'),('1111TW','2023-10-02','DEL - BBI',55874.46,3,0,'UK005'),('1327PR','2023-10-13','COK - PNQ',9987.43,1,1,'UK788'),('1369OB','2023-10-19','BDQ - BHO',15642.71,1,0,'UK085'),('1571CN','2023-10-11','BHO - RJA',32505.27,2,0,'SG717'),('1640SM','2023-10-01','AMD - BLR',7253.61,1,74,'UK015'),('1662BC','2023-10-24','BLR - PNQ',36579.01,2,29,'UK016'),('1696DJ','2023-10-27','ISK - HYD',31773.15,2,31,'AI017'),('1727CB','2023-10-28','LKO - IDR',5774.89,1,60,'SG018'),('1729EW','2023-10-19','BBI - GAU',5774.89,1,67,'UK019'),('1873LV','2023-10-10','DEL - PNQ',51709.49,3,42,'SG026'),('1906OI','2023-10-09','VTZ - BBI',5774.89,1,56,'AI021'),('1908ML','2023-10-13','ISK - BLR',40896.90,2,3,'AI022'),('1958WM','2023-10-03','DEL - ISK',38935.60,2,50,'6E046'),('2094HG','2023-10-21','PNQ - ISK',87185.56,4,30,'6E024'),('2184SH','2023-10-02','ATQ - BBI',29788.30,2,88,'UK025'),('2193NF','2023-10-11','VTZ-SXR',17341.23,2,0,'G8149'),('2244JG','2023-10-11','DEL - PNQ',54857.47,3,6,'6E029'),('2380XU','2023-10-14','ISK - JAI',94139.87,4,0,'AI017'),('2480HG','2023-10-22','VTZ - KNU',97519.65,4,0,'UK443'),('2505II','2023-10-30','MAA - ISK',9479.41,1,84,'AI027'),('2526OL','2023-10-21','GAU - IDR',75093.46,3,0,'UK877'),('2568WT','2023-10-27','ISK - PNQ',95694.02,4,18,'6E370'),('2608JV','2023-10-20','DEL - PNQ',36579.01,2,24,'SG026'),('2622WO','2023-10-18','DEL - ISK',8039.05,1,75,'SG030'),('2623PI','2023-10-18','VTZ - ISK',6595.47,1,79,'AI031'),('2641TO','2023-10-06','MAA - STV',13336.40,1,0,'AI009'),('2667GF','2023-10-12','BDQ - NAG',109888.03,4,0,'6E472'),('2716AJ','2023-10-14','LTU - BLR',94894.19,4,20,'AI032'),('2720UV','2023-10-25','PNQ - ISK',7990.00,1,19,'AI039'),('2856UK','2023-10-25','COK - BLR',9573.19,1,82,'SG034'),('2898WO','2023-10-04','DED - GOI',5783.64,1,12,'UK035'),('3018TH','2023-10-20','ATQ - BBI',114531.27,4,0,'UK025'),('3033WV','2023-10-06','GOI - BBI',8434.65,1,62,'6E036'),('3147IK','2023-10-18','BOM - ATQ',6152.28,1,90,'SG037'),('3255DG','2023-10-24','BDQ - NAG',25436.14,2,0,'UK074'),('3266MU','2023-10-02','PNQ - ISK',8992.98,1,23,'AI109'),('3269OA','2023-10-13','PNQ - ISK',37345.72,3,13,'AI039'),('3311NT','2023-10-17','CCU - NAG',6579.38,1,78,'AI040'),('3367JO','2023-10-12','DED - PNQ',5396.21,1,44,'AI041'),('3479NT','2023-10-02','STV - BHO',82021.99,3,0,'SG006'),('3731TU','2023-10-07','LKO - VTZ',107988.57,4,0,'UK076'),('3856IE','2023-10-12','BOM - PNQ',15152.59,1,0,'UK620'),('3930TP','2023-10-06','PNQ - PNQ',55783.64,3,16,'UK042'),('3940AC','2023-10-14','KUU - BKB',3692.47,2,52,'UK043'),('4025UY','2023-10-10','BLR - PNQ',90724.39,4,36,'6E044'),('4071KA','2023-10-19','JAI - CCU',5774.89,1,66,'6E045'),('4085PY','2023-10-10','DEL - ISK',6900.00,1,10,'AI023'),('4093VG','2023-10-01','BLR - PNQ',50704.05,3,5,'6E044'),('4159GY','2023-10-23','BLR - STV',6619.58,2,92,'6E048'),('4175OG','2023-10-22','VTZ - NAG',6506.35,1,93,'6E049'),('4220IK','2023-10-03','ISK - GOZ',5783.64,1,35,'AI050'),('4305OK','2023-10-18','GOI - LKO',34692.20,2,98,'UK051'),('4328ZE','2023-10-07','LKO - HYD',12452.29,1,71,'6E052'),('4416GP','2023-10-18','GOI - PNQ',5783.64,1,37,'AI088'),('4493FZ','2023-10-06','DEL - ISK',75634.63,3,0,'AI023'),('4494FU','2023-10-26','LKO-HYD',81265.81,3,0,'6E052'),('4693VO','2023-10-20','BOM - COK',23608.13,2,0,'UK002'),('4874NT','2023-10-04','DEL - GOI',97266.93,4,0,'UK035'),('5008CD','2023-10-01','ISK - PNQ',6273.53,1,54,'6E494'),('5023WO','2023-10-30','MAA - STV',13580.94,1,0,'AI009'),('5196HJ','2023-10-15','LTU - PNQ',5396.21,1,53,'AI092'),('5235LZ','2023-10-26','DEL - PNQ',93518.57,4,0,'SG026'),('5279KK','2023-10-27','PNQ - PNQ',5783.64,1,39,'UK079'),('5351AX','2023-10-30','GAU - BBI',12751.11,1,72,'AI869'),('5353AG','2023-10-09','VTZ - BBI',79764.40,3,0,'AI021'),('5390NO','2023-10-07','STV - HYD',98803.71,4,0,'UK562'),('5441SP','2023-10-10','PNQ - CCU',37492.47,2,49,'AI058'),('5547YO','2023-10-17','ISK - HYD',92058.59,4,32,'AI017'),('5566XX','2023-10-16','CCU - GAU',8434.65,1,83,'6E060'),('5646KZ','2023-10-29','STV - PGH',7553.15,1,0,'6E364'),('5655NW','2023-10-11','GAU - ATQ',5223.34,1,81,'6E061'),('5684KJ','2023-10-15','PAT - BDQ',6783.64,1,99,'UK062'),('5788JL','2023-10-30','VTZ - LKO',34878.78,2,55,'6E063'),('5818PH','2023-10-09','BLR - ISK',27667.78,2,0,'SG083'),('6009JI','2023-10-06','DEL - PNQ',33660.80,2,14,'SG026'),('6173AS','2023-10-07','ATQ - GAU',63786.71,3,0,'UK789'),('6258LF','2023-10-18','BBI - HYD',90190.25,4,21,'6E065'),('6280IZ','2023-10-09','GAU - VTZ',46399.20,2,0,'UK877'),('6281MR','2023-10-13','VTZ - DEL',10979.72,1,80,'AI066'),('6564AS','2023-10-16','HYD - TRV',8797.73,1,87,'6E067'),('6592FA','2023-10-18','GOI - PNQ',6382.79,1,9,'AI088'),('6615AW','2023-10-18','PNQ - BOM',66011.73,3,0,'AI368'),('6622TO','2023-10-03','BLR - PNQ',40896.90,2,8,'UK087'),('6624MT','2023-10-30','BLR - PNQ',93643.02,4,33,'6E044'),('6637JG','2023-10-10','KNU - BKB',80203.47,4,25,'6E071'),('6800AG','2023-10-06','BDQ - PAT',19413.47,2,85,'UK072'),('6811OS','2023-10-06','ISK - PNQ',7089.00,1,51,'UK073'),('6852YP','2023-10-05','BDQ - NAG',5674.89,1,57,'6E472'),('6960PB','2023-10-24','CCU - KJB',99713.76,4,0,'SG207'),('7119GC','2023-10-12','BHO - STV',5974.89,1,59,'AI075'),('7158WQ','2023-10-26','LKO - VTZ',6074.89,1,64,'UK076'),('7179ZR','2023-10-22','JAI - BBI',6105.59,1,89,'6E077'),('7268MM','2023-10-07','GAU - CCU',5783.64,1,96,'SG078'),('7278TY','2023-10-09','PNQ - HYD',33660.80,2,11,'UK079'),('7320FW','2023-10-17','NAG - UDR',21717.36,2,0,'UK294'),('7364QE','2023-10-29','GAU - BHO',19656.74,4,0,'SG006'),('7400VT','2023-10-21','VTZ - BBI',98364.59,4,0,'AI021'),('7420WZ','2023-10-21','LTU - PNQ',55273.99,3,43,'UK080'),('7522KA','2023-10-23','BLR - DEL',12214.39,1,70,'SG081'),('7545NL','2023-10-20','ISK - IDR',17176.69,1,0,'UK054'),('7581DR','2023-10-18','GOI - PAT',5889.24,2,94,'SG082'),('7633HC','2023-10-03','BLR - ISK',58988.72,3,7,'SG083'),('7666HV','2023-10-30','BOM - ISK',84285.84,3,0,'AI440'),('7747IK','2023-10-21','PNQ - ISK',35325.05,2,0,'AI086'),('7838MA','2023-10-05','UTR - TRV',78641.64,3,0,'G8834'),('7909UY','2023-10-28','JAI - VTZ',5288.42,1,68,'SG084'),('7939GF','2023-10-10','BDQ - NAG',76615.58,3,0,'6E472'),('7981FK','2023-10-19','COK - ISK',18717.89,2,0,'SG014'),('8009LX','2023-10-03','BDQ - BHO',9106.44,1,86,'UK085'),('8129CT','2023-10-16','PNQ - ISK',36579.01,2,2,'AI086'),('8223FR','2023-10-21','BOM - GOI',19314.03,1,0,'UK620'),('8225BV','2023-10-31','BLR - PNQ',7956.53,1,27,'UK087'),('8262XR','2023-10-15','GOI - PNQ',51653.37,3,34,'AI053'),('8316RA','2023-10-27','GOI - STV',6299.50,1,101,'SG089'),('8368EL','2023-10-05','IXR - AMD',37426.03,2,0,'6E833'),('8546UI','2023-10-21','VNS - PNQ',6273.53,1,45,'G8854'),('8858HP','2023-10-07','DEL - GAU',8878.26,1,95,'AI091'),('8915IT','2023-10-31','LTU - PNQ',53409.77,3,26,'AI092'),('8983QN','2023-10-08','DED - PNQ',41776.95,2,40,'SG093'),('9010VJ','2023-10-22','ISK - BLR',14975.25,2,0,'AI022'),('9016CP','2023-10-25','CCU - LKO',5874.89,1,69,'UK094'),('9065EW','2023-10-24','KJB - ATQ',89170.79,4,0,'6E722'),('9066OT','2023-10-27','CCU - PNQ',6382.79,1,15,'AI095'),('9085FX','2023-10-23','BDQ - JAI',34692.20,2,100,'6E096'),('9238PP','2023-10-22','CCU - NAG',21604.84,2,0,'AI040'),('9327RB','2023-10-05','AMD - BLR',14168.22,1,0,'UK015'),('9342RW','2023-10-23','CCU - PNQ',29195.21,2,0,'AI095'),('9567WN','2023-10-13','PNQ - MAA',97647.78,4,22,'AI013'),('9569GB','2023-10-23','PNQ - ISK',9987.43,2,28,'AI039'),('9578EK','2023-10-09','BBI - GAU',6321.92,1,0,'UK019'),('9655QR','2023-10-27','STV - CCU',61354.73,3,0,'UK074'),('9722JV','2023-10-31','BBI - AMD',5874.89,1,65,'AI099'),('9761YY','2023-10-07','BDQ - BHO',75629.80,3,0,'UK085'),('9792ME','2023-10-14','BBI - BLR',114837.43,4,0,'SG089'),('9814MB','2023-10-20','ISK - GOZ',35298.99,2,38,'UK100'),('9854EU','2023-10-07','CCU - PNQ',94882.55,3,0,'AI095'),('9929UI','2023-10-16','LKO - STV',5874.89,1,61,'AI075'),('9992KY','2023-10-02','BOM - ISK',12443.17,1,0,'AI440');
/*!40000 ALTER TABLE `Reservations` ENABLE KEYS */;
UNLOCK TABLES;

--
-- Table structure for table `User`
--

DROP TABLE IF EXISTS `User`;
/*!40101 SET @saved_cs_client     = @@character_set_client */;
/*!50503 SET character_set_client = utf8mb4 */;
CREATE TABLE `User` (
  `UserID` varchar(50) NOT NULL,
  `FirstName` varchar(50) DEFAULT NULL,
  `LastName` varchar(50) DEFAULT NULL,
  `EmailId` varchar(100) DEFAULT NULL,
  `PhoneNumber` varchar(15) DEFAULT NULL,
  PRIMARY KEY (`UserID`)
) ENGINE=InnoDB DEFAULT CHARSET=utf8mb4 COLLATE=utf8mb4_0900_ai_ci;
/*!40101 SET character_set_client = @saved_cs_client */;

--
-- Dumping data for table `User`
--

LOCK TABLES `User` WRITE;
/*!40000 ALTER TABLE `User` DISABLE KEYS */;
INSERT INTO `User` VALUES ('Aarav117@2023','Aarav','Singh','Aarav117@gmail.com','9876543117'),('Aarav137@2023','Aarav','Singh','Aarav137@gmail.com','9876543137'),('aayshashaikh7866','Prakash','Bashir','aayshashaikh7866@gmail.com','7666626181'),('ab31satpute','Akash','Satpute','ab31satpute@gmail.com','8459564537'),('abhaygadge8','Pranav','Rupnur','abhaygadge8@gmail.com','9370440105'),('abhishekjadhav552001','Abhishek','Jadhav','abhishekjadhav552001@gmail.com','9309559745'),('abhisheksahani129','Abhishek','Sahani','abhisheksahani129@gmail.com','9922072605'),('afarinarab12','Afarin','Arab','afarinarab12@gmail.com','8999041476'),('akankshamg18','Manik','Gaikwad','akankshamg18@gmail.com','9322991402'),('akankshashivale21','Aaisha','Bashir','akankshashivale21@gmail.com','9146779654'),('Amit113@2023','Amit','Sharma','Amit113@gmail.com','9876543113'),('Amit129@2023','Amit','Sharma','Amit129@gmail.com','9876543129'),('Amit148@2023','Amit','Verma','Amit148@gmail.com','9876543148'),('Amit157@2023','Amit','Verma','Amit157@gmail.com','9876543157'),('Anita125@2023','Anita','Gupta','Anita125@gmail.com','9876543125'),('Anita127@2023','Anita','Gupta','Anita127@gmail.com','9876543127'),('Anita156@2023','Anita','Kumar','Anita156@gmail.com','9876543156'),('Anjali105@2023','Anjali','Kapoor','Anjali105@gmail.com','9876543105'),('Anjali141@2023','Anjali','Kapoor','Anjali141@gmail.com','9876543141'),('asbhavsar712','Aakanksha','Bhavsar','asbhavsar712@gmail.com','7558732300'),('avinash738749','Karan','DESAI','avinash738749@gmail.com','8956491797'),('balajisolunke62','Balaji','Solunke','balajisolunke62@gmail.com','9096654052'),('deepalighumare0','Deepali','Ghumare','deepalighumare0@gmail.com','7768033474'),('dive0383','Prem','Dive','dive0383@gmail.com','8424912038'),('dnyaneshwariwandekar9','Dnyaneshwari','Wandekar','dnyaneshwariwandekar9@gmail.com','9665507602'),('Gaurav107@2023','Gaurav','Gupta','Gaurav107@gmail.com','9876543107'),('Gaurav126@2023','Gaurav','Smith','Gaurav126@gmail.com','9876543126'),('gitanjalikotkar16','Gitanjali','Kotkar','gitanjalikotkar16@gmail.com','8999596401'),('gitanjalitambe119','Gitanjali','Tambe','gitanjalitambe119@gmail.com','9960617138'),('harshalgaikwad512','Harshal','Patil','harshalgaikwad512@gmail.com','9579675780'),('jadhavrohini102001','Avinash','Jadhav','jadhavrohini102001@gmail.com','8390806744'),('jagzapmrunal','Mrunal','Jagzap','jagzapmrunal@gmail.com','9022104632'),('John115@2023','John','Kumar','John115@gmail.com','9876543115'),('John138@2023','John','Sharma','John138@gmail.com','9876543138'),('John142@2023','John','Jain','John142@gmail.com','9876543142'),('John151@2023','John','Sharma','John151@gmail.com','9876543151'),('John152@2023','John','Singh','John152@gmail.com','9876543152'),('John158@2023','John','Kapoor','John158@gmail.com','9876543158'),('karantalekar18','Ankit','Katare','karantalekar18@gmail.com','9922072604'),('Kavita104@2023','Kavita','Kumar','Kavita104@gmail.com','9876543104'),('Kavita131@2023','Kavita','Yadav','Kavita131@gmail.com','9876543131'),('Kavita135@2023','Kavita','Sharma','Kavita135@gmail.com','9876543135'),('kolhep281','Asmita','Kolhe','kolhep281@gmail.com','7758905607'),('Lisa124@2023','Lisa','Verma','Lisa124@gmail.com','9876543124'),('Lisa139@2023','Lisa','Gupta','Lisa139@gmail.com','9876543139'),('Lisa146@2023','Lisa','Mishra','Lisa146@gmail.com','9876543146'),('Lisa147@2023','Lisa','Jain','Lisa147@gmail.com','9876543147'),('Lisa153@2023','Lisa','Kumar','Lisa153@gmail.com','9876543153'),('Lisa159@2023','Lisa','Kapoor','Lisa159@gmail.com','9876543159'),('manasostwal108','Manas','Ostwal','manasostwal108@gmail.com','8379989245'),('manishashinde3072001','Abhay','Shinde','manishashinde3072001@gmail.com','7758819064'),('manishashinde372001','Manisha','Shinde','Manishashinde372001@gmail.com','7758819964'),('mayur82927','Mayur','Magar','mayur82927@gmail.com','9518759434'),('mayurbose2001','Mayur','Bose','mayurbose2001@gmail.com','8637700919'),('musu31jan','Mohit','Pawar','musu31jan@gmail.com','8888929494'),('naiksrushti833','Shruti','Naik','naiksrushti833@gmail.com','8830266844'),('Neha122@2023','Neha','Kumar','Neha122@gmail.com','9876543122'),('Neha144@2023','Neha','Smith','Neha144@gmail.com','9876543144'),('Neha150@2023','Neha','Gupta','Neha150@gmail.com','9876543150'),('nikitajare21','Nikita','Jare','nikitajare21@gmail.com','8459378319'),('nileshpatil','Nilesh Patil','Patil','nileshpatil@gmail.com','9623246582'),('nisharode212','Nisha','Rode','nisharode212@gmail.com','7821030421'),('ntambe175','Nikita','Tambe','ntambe175@gmail.com','9356197877'),('om123','Om','Tasir','om123@gmail.com','9022104632'),('omkarjadhav928431','Jadhav','Atmaram','omkarjadhav928431@gmail.com','9284313575'),('omtamkhanebunny777','Prafulla','Nanhe','omtamkhanebunny777@gmail.com','7028716699'),('pallavisanjaykale','Pallavi','Kale','pallavisanjaykale@gmail.com','4525667863'),('pbhusal9579','Pratik','Bhusale','pbhusal9579@gmail.com','9373354957'),('pederushikesh03','Rushikesh','Pede','pederushikesh03@gmail.com','8788949938'),('Pooja134@2023','Pooja','Singh','Pooja134@gmail.com','9876543134'),('Poonam106@2023','Poonam','Jain','Poonam106@gmail.com','9876543106'),('Poonam111@2023','Poonam','Singh','Poonam111@gmail.com','9876543111'),('Poonam118@2023','Poonam','Gupta','Poonam118@gmail.com','9876543118'),('Poonam155@2023','Poonam','Jain','Poonam155@gmail.com','9876543155'),('pradip123','Pradip','Awale','pradip123@gmail.com','8999237596'),('prajval567','Prajval','Deshmukh','prajval567@gmail.com','9922138685'),('prajwaldhagude2002','Prajwal','Dhagude','prajwaldhagude2002@gmail.com','9623246582'),('pranalirepale','Pranali','Repale','pranalirepale@gmail.com','9146993925'),('pranavthenge1999','Pranav','Thenge','pranavthenge1999@gmail.com','9757031181'),('pranitawale11','Pranit','Awale','pranitawale11@gmail.com','8483931154'),('pratikbarhate0105','Apeksha','Barhate','pratikbarhate0105@gmail.com','9890813423'),('pravinjadhav85336','Pravin','Jadhav','pravinjadhav85336@gmail.com','8263989320'),('Rahul136@2023','Rahul','Kumar','Rahul136@gmail.com','9876543136'),('Rahul145@2023','Rahul','Sharma','Rahul145@gmail.com','9876543145'),('Rajesh100@2023','Rajesh','Kumar','Rajesh100@gmail.com','9876543100'),('Rajesh102@2023','Rajesh','Patel','Rajesh102@gmail.com','9876543102'),('Rajesh121@2023','Rajesh','Jain','Rajesh121@gmail.com','9876543121'),('Rajesh128@2023','Rajesh','Gupta','Rajesh128@gmail.com','9876543128'),('Rajesh130@2023','Rajesh','Kumar','Rajesh130@gmail.com','9876543130'),('Rajesh154@2023','Rajesh','Wilson','Rajesh154@gmail.com','9876543154'),('Reena112@2023','Reena','Jain','Reena112@gmail.com','9876543112'),('Reena119@2023','Reena','Jain','Reena119@gmail.com','9876543119'),('Reena132@2023','Reena','Smith','Reena132@gmail.com','9876543132'),('rohi10','Rohini','Jadhav','Rohi10@gmail.com','9175642829'),('sakshivk1532002','Swayam','Korde','sakshi.vk1532002@gmail.com','8605967951'),('shirsathk26','Shirsath','Kiran','shirsathk26@gmail.com','7058097949'),('shoaibsameer904','Muskan','SHAIKH','shoaibsameer904@gmail.com','7887421648'),('shreedattatraykhude2001','Shree','Dhmale','shreedattatraykhude2001@gmail.com','9890612236'),('shwetaa1782000','Shweta','Tambe','shwetaa1782000@gmail.com','7038942781'),('sonkamblem066','Sonkamble','Bhujang','sonkamblem066@gmail.com','9503874338'),('Sunita103@2023','Sunita','Mishra','Sunita103@gmail.com','9876543103'),('Sunita114@2023','Sunita','Yadav','Sunita114@gmail.com','9876543114'),('Sunita143@2023','Sunita','Sharma','Sunita143@gmail.com','9876543143'),('Sunita149@2023','Sunita','Kapoor','Sunita149@gmail.com','9876543149'),('Suresh101@2023','Suresh','Kumar','Suresh101@gmail.com','9876543101'),('Suresh108@2023','Suresh','Jain','Suresh108@gmail.com','9876543108'),('Suresh109@2023','Suresh','Sharma','Suresh109@gmail.com','9876543109'),('Suresh110@2023','Suresh','Singh','Suresh110@gmail.com','9876543110'),('Suresh116@2023','Suresh','Wilson','Suresh116@gmail.com','9876543116'),('Suresh140@2023','Suresh','Sharma','Suresh140@gmail.com','9876543140'),('sushreesangitaacharya9','Sushree','Acharya','sushreesangitaacharya9@gmail.com','9439315699'),('swapnil4650','Swapnil','Govardhane','swapnil4650@gmail.com','9922974650'),('swayambhamresai','Sneha','Bhamre','swayambhamresai@gmail.com','7038561483'),('thakarepunam182','Punam','Thakare','thakarepunam182@gmail.com','8767219330'),('vaibhav126hegadkar','Vaibhav','Hegadkar','Vaibhav126hegadkar@gmail.com','7058489149'),('Vikram120@2023','Vikram','Jain','Vikram120@gmail.com','9876543120'),('Vikram123@2023','Vikram','Verma','Vikram123@gmail.com','9876543123'),('Vikram133@2023','Vikram','Smith','Vikram133@gmail.com','9876543133'),('yogeshj2797','Yogesh','Jadhav','yogeshj2797@gmail.com','8412903354'),('yogeshpotadar04','Yogesh','Potadar','yogeshpotadar04@gmail.com','8888929494');
/*!40000 ALTER TABLE `User` ENABLE KEYS */;
UNLOCK TABLES;

--
-- Table structure for table `User_has_Reservations`
--

DROP TABLE IF EXISTS `User_has_Reservations`;
/*!40101 SET @saved_cs_client     = @@character_set_client */;
/*!50503 SET character_set_client = utf8mb4 */;
CREATE TABLE `User_has_Reservations` (
  `User_UserID` varchar(50) NOT NULL,
  `Reservations_ReservationID` varchar(50) NOT NULL,
  PRIMARY KEY (`User_UserID`,`Reservations_ReservationID`),
  KEY `fk_User_has_Reservations_Reservations1_idx` (`Reservations_ReservationID`),
  KEY `fk_User_has_Reservations_User1_idx` (`User_UserID`),
  CONSTRAINT `fk_User_has_Reservations_Reservations1` FOREIGN KEY (`Reservations_ReservationID`) REFERENCES `Reservations` (`ReservationID`),
  CONSTRAINT `fk_User_has_Reservations_User1` FOREIGN KEY (`User_UserID`) REFERENCES `User` (`UserID`)
) ENGINE=InnoDB DEFAULT CHARSET=utf8mb4 COLLATE=utf8mb4_0900_ai_ci;
/*!40101 SET character_set_client = @saved_cs_client */;

--
-- Dumping data for table `User_has_Reservations`
--

LOCK TABLES `User_has_Reservations` WRITE;
/*!40000 ALTER TABLE `User_has_Reservations` DISABLE KEYS */;
INSERT INTO `User_has_Reservations` VALUES ('Aarav117@2023','0030YC'),('Lisa147@2023','0045OR'),('Reena119@2023','0092KV'),('shoaibsameer904','0373AF'),('Vikram133@2023','0457ZV'),('Amit129@2023','0463WF'),('Rajesh102@2023','0523HS'),('omtamkhanebunny777','0654RE'),('Poonam106@2023','0712LR'),('mayur82927','0765YL'),('Lisa153@2023','0931WM'),('Reena132@2023','0958MX'),('gitanjalitambe119','0985GX'),('prajval567','1089ET'),('manishashinde3072001','1093GP'),('abhisheksahani129','1327PR'),('Rajesh130@2023','1640SM'),('asbhavsar712','1662BC'),('afarinarab12','1696DJ'),('Kavita104@2023','1727CB'),('Vikram123@2023','1729EW'),('kolhep281','1873LV'),('Rajesh100@2023','1906OI'),('mayurbose2001','1908ML'),('pradip123','1958WM'),('shirsathk26','2094HG'),('Neha144@2023','2184SH'),('vaibhav126hegadkar','2244JG'),('Suresh140@2023','2505II'),('pallavisanjaykale','2568WT'),('sushreesangitaacharya9','2608JV'),('Kavita131@2023','2622WO'),('Kavita135@2023','2623PI'),('pranalirepale','2716AJ'),('rohi10','2720UV'),('John138@2023','2856UK'),('manishashinde372001','2898WO'),('Poonam118@2023','3033WV'),('Lisa146@2023','3147IK'),('sonkamblem066','3266MU'),('akankshamg18','3269OA'),('Pooja134@2023','3311NT'),('pratikbarhate0105','3367JO'),('shwetaa1782000','3930TP'),('karantalekar18','3940AC'),('aayshashaikh7866','4025UY'),('Neha122@2023','4071KA'),('manasostwal108','4085PY'),('pranitawale11','4093VG'),('Amit148@2023','4159GY'),('Sunita149@2023','4175OG'),('pbhusal9579','4220IK'),('Rajesh154@2023','4305OK'),('Anita127@2023','4328ZE'),('jadhavrohini102001','4416GP'),('musu31jan','5008CD'),('yogeshj2797','5196HJ'),('om123','5279KK'),('Rajesh128@2023','5351AX'),('abhaygadge8','5441SP'),('pederushikesh03','5547YO'),('Lisa139@2023','5566XX'),('Aarav137@2023','5655NW'),('Poonam155@2023','5684KJ'),('John158@2023','5788JL'),('ab31satpute','6009JI'),('balajisolunke62','6258LF'),('Rahul136@2023','6281MR'),('Sunita143@2023','6564AS'),('yogeshpotadar04','6592FA'),('jagzapmrunal','6622TO'),('thakarepunam182','6624MT'),('dnyaneshwariwandekar9','6637JG'),('Anjali141@2023','6800AG'),('pranavthenge1999','6811OS'),('Suresh101@2023','6852YP'),('Sunita103@2023','7119GC'),('Vikram120@2023','7158WQ'),('Rahul145@2023','7179ZR'),('John152@2023','7268MM'),('prajwaldhagude2002','7278TY'),('swayambhamresai','7420WZ'),('Gaurav126@2023','7522KA'),('Neha150@2023','7581DR'),('abhishekjadhav552001','7633HC'),('Lisa124@2023','7909UY'),('John142@2023','8009LX'),('deepalighumare0','8129CT'),('shreedattatraykhude2001','8225BV'),('akankshashivale21','8262XR'),('Amit157@2023','8316RA'),('avinash738749','8546UI'),('John151@2023','8858HP'),('nisharode212','8915IT'),('nileshpatil','8983QN'),('Anita125@2023','9016CP'),('nikitajare21','9066OT'),('Anita156@2023','9085FX'),('ntambe175','9567WN'),('naiksrushti833','9569GB'),('Rajesh121@2023','9722JV'),('harshalgaikwad512','9814MB'),('Anjali105@2023','9929UI');
/*!40000 ALTER TABLE `User_has_Reservations` ENABLE KEYS */;
UNLOCK TABLES;
/*!40103 SET TIME_ZONE=@OLD_TIME_ZONE */;

/*!40101 SET SQL_MODE=@OLD_SQL_MODE */;
/*!40014 SET FOREIGN_KEY_CHECKS=@OLD_FOREIGN_KEY_CHECKS */;
/*!40014 SET UNIQUE_CHECKS=@OLD_UNIQUE_CHECKS */;
/*!40101 SET CHARACTER_SET_CLIENT=@OLD_CHARACTER_SET_CLIENT */;
/*!40101 SET CHARACTER_SET_RESULTS=@OLD_CHARACTER_SET_RESULTS */;
/*!40101 SET COLLATION_CONNECTION=@OLD_COLLATION_CONNECTION */;
/*!40111 SET SQL_NOTES=@OLD_SQL_NOTES */;

-- Dump completed on 2023-11-26 12:05:23
